Subject Heading,Count of Heading
Racism,4736
Social justice,2060
African Americans,1718
Black people,560
Race discrimination,488
"Criminal justice, Administration of",441
Equality,392
Ethnicity,330
Human rights,323
Minorities,318
Race relations,310
White people,239
Race,200
Racism in literature,189
"Justice, Administration of",174
Discrimination in criminal justice administration,159
Justice,155
Slavery,145
Environmental justice,145
Anti-racism,145
Women,140
Civil rights,136
Indians of North America,134
Immigrants,133
Sociology,131
Violence,130
Racism in education,127
Church and social problems,126
Race awareness,124
Prejudices,123
Sexism,119
Civil rights movements,117
African American women,114
Antisemitism,111
Law,110
Distributive justice,109
American literature,109
Globalization,108
Social change,103
Discrimination,103
Feminism,102
Democracy,102
Crime,101
Christianity and justice,98
Criminology,98
Racism in sports,94
Social classes,92
Stereotypes (Social psychology),90
Social movements,90
Multiculturalism,89
Discrimination in education,86
Social control,85
Imperialism,84
Education,82
Poverty,81
"Juvenile justice, Administration of",81
Public opinion,79
African American men,79
Nationalism,78
White supremacy movements,77
Social ethics,77
Social policy,76
Racism in language,71
Economics,70
Capitalism,70
"World War, 1939-1945",69
Cultural pluralism,67
African Americans in literature,65
Social service,64
Race in literature,64
Political science,64
Sociological jurisprudence,62
Racism in popular culture,62
"Marginality, Social",62
Social sciences,61
Hispanic Americans,61
"Women, Black",60
Racism in motion pictures,60
Racially mixed people,60
Imprisonment,59
Social conflict,58
Multicultural education,58
Mexican Americans,58
Xenophobia,56
Racism in mass media,56
Economic development,56
Social problems,55
Juvenile delinquency,55
Eugenics,53
Environmental policy,53
Women's rights,52
Social psychology,52
Liberalism,52
Corrections,52
Apartheid,52
Racism in anthropology,51
Peace,51
Mass media,51
Hate crimes,51
Asian Americans,51
Educational equalization,50
Transportation,49
Sustainable development,48
Political activists,48
Racism in higher education,47
Muslims,47
Lynching,47
Prisons,46
Race relations in literature,46
Political culture,46
Motion pictures,46
Discrimination in sports,46
Social structure,45
Sex discrimination against women,45
Sports,44
American fiction,44
Reconciliation,43
Deviant behavior,43
Criminals,43
Poor,42
Police,42
Punishment,42
Indigenous peoples,42
Sex role,41
Power (Social sciences),41
International relations,41
Trials (Murder),40
Political participation,40
Literature and society,40
Youth,39
Income distribution,39
Fascism,39
Critical pedagogy,39
Public health,38
Postcolonialism,38
Genocide,38
English language,38
Liberty,37
"Education, Higher",37
Affirmative action programs,37
Social work with juvenile delinquents,36
Popular culture,36
Prisoners,36
Group identity,36
Jews,36
Citizenship,36
Aboriginal Australians,36
Sex discrimination,35
Juvenile delinquents,35
Murder,35
National socialism,35
Ethics,35
Radicalism,34
Interracial marriage,34
Japanese Americans,34
Transitional justice,33
Socialism,33
Racism in the press,33
Racial profiling in law enforcement,33
Justice (Philosophy),33
Crime and race,33
Riots,32
Social contract,32
Public welfare,32
Police brutality,32
Discrimination in law enforcement,32
Climatic changes,32
Anthropology,32
Social justice in literature,31
Mass media and race relations,31
Courts,30
Africans,30
Universities and colleges,29
Segregation,29
Social action,29
Restorative justice,29
Presidents,29
Ethnic relations,29
Educational sociology,29
Freedom of speech,29
Conflict management,29
Civil society,29
World politics,28
Racism in textbooks,28
Psychology,28
Human body,28
Culture,28
Racism in art,27
Social values,27
Police misconduct,27
Criminal law,27
Conservatism,27
African Americans in popular culture,27
Black people in literature,27
"Women, White",26
Protest movements,26
Miscegenation,26
Feminist theory,26
Ethnology,26
Discrimination in employment,26
Civil rights workers,26
African American athletes,26
Urban policy,25
Welfare state,25
Social responsibility of business,25
People with disabilities,25
Law enforcement,25
Islam,25
Journalism,25
Equality before the law,25
Education and state,25
Collective memory,25
African American prisoners,25
Social media,24
Social medicine,24
Political planning,24
Post-racialism,24
Films for the hearing impaired,24
Emigration and immigration,24
Cross-cultural studies,24
Community development,24
Collective behavior,24
Crime prevention,24
Black power,24
Toleration,23
Human skin color,23
Interpersonal relations,23
Elections,23
Families,23
College students,23
Arab Americans,23
African Americans in motion pictures,23
Working class,22
Terrorism,22
Social work with criminals,22
Responsibility,22
Rhetoric,22
Man-woman relationships,22
"National characteristics, American",22
Gay men,22
Decolonization,22
Welfare economics,21
Science,21
Refugees,21
Identity (Psychology),21
Christian sociology,21
Children,21
Corporations,21
Black race,21
Urbanization,20
Right-wing extremists,20
Liberation theology,20
Hate speech,20
Economic policy,20
Environmentalism,20
Communism,20
African American youth,20
African American families,20
Social justice and education,19
Social groups,19
School integration,19
Medical policy,19
Memory,19
Dispute resolution (Law),19
Racism and the arts,18
Social institutions,18
"Reconstruction (US history, 1865-1877)",18
Slavery in literature,18
Segregation in education,18
Social reformers,18
Minority women,18
Neoliberalism,18
"Hurricane Katrina, 2005",18
Human geography,18
Hate groups,18
Indians of South America,18
Christianity and politics,18
Chinese Americans,18
Child welfare,18
Wealth,17
Racism in medicine,17
Social stratification,17
Right to health,17
Sex,17
Race relations and the press,17
Noncitizens,17
Masculinity,17
Discrimination in higher education,17
Fairness,17
Gay liberation movement,17
Ethnic attitudes,17
Communication,17
African American soldiers,17
AIDS (Disease),17
Women prisoners,16
Romanies,16
Political violence,16
Racially mixed children,16
Psychoanalysis and racism,16
Health services accessibility,16
"Holocaust, Jewish (1939-1945)",16
Islamophobia,16
International economic relations,16
Discrimination in medical care,16
Fugitives from justice,16
Documentary films,16
Criminal behavior,16
Black lives matter movement,16
Theater and society,15
"Women, Khoikhoi",15
"Sociology, Urban",15
Rule of law,15
Racism in the workplace,15
Racial justice,15
Politics and literature,15
Police-community relations,15
Political ethics,15
Personality,15
Public schools,15
Political sociology,15
Museum exhibits,15
Local transit,15
Mexicans,15
Human ecology,15
Hazardous waste sites,15
Elite (Social sciences),15
Christianity,15
Capital punishment,15
African American journalists,15
Black nationalism,15
American drama,15
United States,14
Stereotypes (Social psychology) in mass media,14
War,14
Sex discrimination in criminal justice administration,14
Rape,14
Political campaigns,14
Prejudices in children,14
North Africans,14
Peace-building,14
Philosophy,14
Politics and culture,14
Law reform,14
Lesbians,14
International business enterprises,14
Imperialism in literature,14
Eurocentrism,14
Developmental psychology,14
Evangelicalism,14
Environmental health,14
Constitutional law,14
Criminal psychology,14
Christian ethics,14
Communities,14
Community life,14
African diaspora,14
Antislavery movements,14
"Authors, American",14
African American college students,14
Asians,14
African American girls,14
"World War, 1914-1918",13
Textbook bias,13
Teachers,13
Victims of crimes,13
Social choice,13
Social security,13
Public policy (Law),13
Non-governmental organizations,13
Oppression (Psychology),13
Physical anthropology,13
Music,13
Law and literature,13
Mass media and criminal justice,13
Intergenerational relations,13
Intercultural communication,13
Homosexuality,13
Intellectuals,13
Discourse analysis,13
Evaluation research (Social action programs),13
Feature films,13
Corporation law,13
Counseling,13
Death,13
Cosmopolitanism,13
Critical theory,13
Children of immigrants,13
Children's literature,13
Christianity and culture,13
Constitutional history,13
Colonies,13
Anti-globalization movement,13
Anthropologists,13
Stereotypes (Social psychology) in motion pictures,12
White nationalism,12
Sentences (Criminal procedure),12
Reparation (Criminal justice),12
Religion and politics,12
Racism in criminology,12
Sexual harassment,12
Social history,12
Reparations for historical injustices,12
Racism in museum exhibits,12
Right and left (Political science),12
"September 11 Terrorist Attacks, 2001",12
Puerto Ricans,12
People with social disabilities,12
Nonviolence,12
Post-communism,12
Race relations in motion pictures,12
Race riots,12
Obstruction of justice,12
Minorities in mass media,12
Male prisoners,12
Justice in literature,12
Hacking,12
Internet,12
International organization,12
Illegal aliens,12
English literature,12
Environmental protection,12
Discrimination in justice administration,12
Discrimination in housing,12
Ethnopsychology,12
Gender identity,12
Critical legal studies,12
Criminal liability of juristic persons,12
Cities and towns,12
Basic needs,12
American poetry,12
African American children,12
Anti-imperialist movements,12
African American criminals,12
Baseball,12
Social ecology,11
Social integration,11
Social influence,11
Religion and justice,11
Racism in the social sciences,11
"Propaganda, Russian",11
Photography,11
Law reviews,11
Lawyers,11
Lesbian feminism,11
Individualism,11
Interracial dating,11
International law,11
Homophobia,11
Indian women,11
English drama,11
Environmental degradation,11
City planning,11
Boxing,11
Business ethics,11
Child psychology,11
Child development,11
African American intellectuals,11
African American lesbians,11
African American authors,11
Algerians,11
African American neighborhoods,11
Afrikaners,11
Taxation,10
"War on Terrorism, 2001-2009",10
Theater,10
Violence in literature,10
"Vietnam War, 1961-1975",10
Racism against Black people,10
Racism in psychology,10
Social surveys,10
Religious tolerance,10
Slavery and the church,10
Postwar reconstruction,10
Political parties,10
Political corruption,10
Public policy,10
Petroleum industry and trade,10
Pollution,10
Passing (Identity),10
Medical ethics,10
Juvenile courts,10
Khoikhoi (African people),10
Moral education,10
Mental health,10
Leadership,10
"Indians, Treatment of",10
Invective,10
Human evolution,10
Indian youth,10
Indians of Mexico,10
Democratization,10
Freed persons,10
Educational policy,10
English fiction,10
Gangs,10
Federal aid to youth services,10
Diversity in the workplace,10
Female offenders,10
Filipino Americans,10
East Indians,10
Free enterprise,10
Ethnic conflict,10
Friendship,10
Community organization,10
Christianity and other religions,10
City and town life,10
"Civilization, Western",10
Church and the world,10
Culture conflict,10
Art,10
Anger,10
African American political activists,10
African American civil rights workers,10
Transportation and state,9
Spiritual life,9
Underground press publications,9
Teaching,9
Teenage girls,9
Technology,9
Social mobility,9
Solidarity,9
Social status,9
Refuse and refuse disposal,9
Social legislation,9
Religion,9
Racism in social services,9
"Self-determination, National",9
Sociobiology,9
Religions,9
Soccer,9
Public interest law,9
Political correctness,9
Oral history,9
Ojibwa Indians,9
Organized crime,9
Psychotherapy,9
Progressivism (United States politics),9
Love,9
Maya women,9
"National characteristics, French",9
Middle class,9
Labor unions,9
Minorities in motion pictures,9
Judicial process,9
Islamic law,9
Health,9
Journalists,9
Educational change,9
Gays,9
Economic assistance,9
Family,9
Family violence,9
Ethnocentrism,9
Christian life,9
Conservation of natural resources,9
Civil law,9
Crime in mass media,9
Classism,9
Comparative literature,9
Christian education,9
African Americans in mass media,9
Anti-apartheid movements,9
African American newspapers,9
African American students,9
African American young men,9
Asian American women,9
Women in literature,8
Women and literature,8
Tribes,8
Sustainability,8
"Women college teachers, Black",8
Television broadcasting of news,8
Women's studies,8
Student movements,8
Social interaction,8
School psychology,8
Revolutions,8
Racism in public welfare,8
Sex in literature,8
Sexism in language,8
Social justice in art,8
Sexism in mass media,8
Social rights,8
Slave trade,8
Service learning,8
Race awareness in children,8
Police shootings,8
Peasants,8
Postcolonialism in literature,8
Oral communication,8
Older people,8
"Knowledge, Sociology of",8
Natural resources,8
Mestizos,8
"Literature, Modern",8
Neighborhood justice centers,8
Literature,8
Museums,8
Medical care,8
Inner cities,8
Governmental investigations,8
International trade,8
Judicial error,8
Identity politics,8
Judges,8
Heart,8
Intellect,8
Indians in literature,8
Intergroup relations,8
Indians,8
Educational leadership,8
Free trade,8
Difference (Psychology),8
Emigration and immigration law,8
Ethnic groups,8
Engineering,8
Forensic sciences,8
Gay activists,8
Cold War,8
Critical criminology,8
Cultural property,8
Capabilities approach (Social sciences),8
Comparative government,8
Coal mines and mining,8
Coalitions,8
Assimilation (Sociology),8
African American baseball players,8
African American arts,8
Africans in literature,8
Aymara Indians,8
Black theology,8
Voting,7
Welfare recipients,7
"Youth, Black",7
Theology,7
Voter registration,7
Statistics,7
Urban renewal,7
Youth and violence,7
Witnesses,7
Sociolinguistics,7
Schools,7
Racism on television,7
Sexism in textbooks,7
Sex customs,7
"Scottsboro Trial, Scottsboro, Ala, 1931",7
Social inequality,7
Race in motion pictures,7
Peace movements,7
Prisoners' families,7
Performative (Philosophy),7
Politicians,7
Population,7
Lesbianism,7
Legislators,7
Methodist Church,7
Massacres,7
Korean Americans,7
Medicine,7
Library science,7
Nature and nurture,7
"Men, White",7
Interviews,7
Internet in political campaigns,7
Genetics,7
Human genetics,7
Intersectionality (Sociology),7
Health and race,7
Iranian Americans,7
Internal security,7
Intelligence levels,7
Dignity,7
Feminine beauty (Aesthetics),7
Drug control,7
Disaster relief,7
Customary law,7
Brazilian literature,7
Colorism,7
College sports,7
COVID-19 (Disease),7
Criminal statistics,7
Color blindness (Race relations),7
Children's rights,7
Cultural geography,7
Consumption (Economics),7
Criminal courts,7
Clergy,7
Creoles,7
Celebrities,7
Caucasian race,7
Colonization,7
Decision making,7
Abolitionists,7
Adolescence,7
African American politicians,7
Biopolitics,7
African American philosophy,7
Blackface entertainers,7
Agriculture,7
Tourism,6
Spirituality,6
Violent crimes,6
Suicide victims,6
Women political activists,6
World history,6
Work,6
War and society,6
Suburbs,6
Urban poor,6
Sex role in literature,6
Social work with youth,6
Social advocacy,6
Social evolution,6
Social workers,6
Santee Indians,6
Sexual minorities,6
Religion and social problems,6
Somatotypes,6
Social isolation,6
Restitution,6
Rural-urban migration,6
Photojournalism,6
Police corruption,6
Qualitative research,6
Prison administration,6
Parent and child,6
Political crimes and offenses,6
Performance art,6
Psychic trauma,6
Quilombos,6
Psychoanalysis,6
Post-apartheid era,6
Patriarchy,6
Policy sciences,6
Public administration,6
Literacy,6
Mothers,6
Labor,6
Mass media and sports,6
Latin Americans,6
Male domination (Social structure),6
Mass media and public opinion,6
Land tenure,6
Mental illness,6
Jazz,6
Historic sites,6
International economic integration,6
Human zoos,6
Inuit,6
Humanism,6
Haitians,6
Ideology,6
Hate,6
Geopolitics,6
Human remains (Archaeology),6
Human beings,6
Human rights workers,6
Health care reform,6
History,6
Group relations training,6
Intelligence tests,6
International cooperation,6
Domestic terrorism,6
Feminism and education,6
Energy policy,6
Demonstrations,6
East and West,6
Ex-convicts,6
Family social work,6
Frontier and pioneer life,6
Environmental law,6
Gacaca justice system,6
Food supply,6
East Indian Americans,6
Emotions,6
Financial crises,6
Democracy and education,6
"Education, Urban",6
Gay rights,6
Counseling psychology,6
Conduct of life,6
Competition,6
Church work with the poor,6
Cooperation,6
Community policing,6
Comparative education,6
Cross-cultural counseling,6
Black people in mass media,6
American newspapers,6
Adult education,6
Academic libraries,6
African Americans in art,6
Apes,6
Asians in motion pictures,6
African American gay men,6
"Athletes, Black",6
Arabs,6
Baptists,6
Archaeology,6
African American gays,6
Age discrimination,6
African Americans on television,6
Ageism,6
Anarchism,6
Stereotypes (Social psychology) in literature,5
Zionism,5
Urban transportation,5
Tax incidence,5
Visual communication,5
Television broadcasting,5
Stigma (Social psychology),5
Textbooks,5
Utilitarianism,5
Torture,5
State-sponsored terrorism,5
Transnationalism,5
West Indians,5
Sports-Economic aspects,5
White people in literature,5
Upper class,5
Writing centers,5
Urban geography,5
"State, The",5
Social conflict in literature,5
Representative government and representation,5
Racism - United States,5
Social indicators,5
Sex role in mass media,5
"Sociology, Biblical",5
Rap (Music),5
Sex role in motion pictures,5
Sex discrimination in justice administration,5
Sexism in literature,5
Religion and sociology,5
Right to die,5
Radicals,5
School management and organization,5
Shame,5
Science fiction,5
Scholars,5
Sex (Psychology),5
Sex and law,5
"Soldiers, Black",5
Prostitution,5
Political geography,5
Preaching,5
Postmodernism,5
Race awareness in art,5
Political prisoners,5
"Psychiatry, Transcultural",5
Other (Philosophy),5
Racially mixed people in literature,5
Public history,5
Olympics,5
"Prisoners' writings, American",5
Ontology,5
Procedure (Law),5
Population transfers,5
Politics in literature,5
Police films,5
Police administration,5
Racially mixed families,5
Poor children,5
Parole,5
Performing arts,5
Populism,5
Mental health services,5
Motion picture industry,5
Labor laws and legislation,5
Mentoring,5
Men,5
Legal ethics,5
Local government,5
Nigger (The English word),5
Legal assistance to the poor,5
Mexican American women,5
Municipal government,5
Medical economics,5
Mathematics,5
Militarism,5
"National characteristics, American, in literature",5
Marketing,5
Law and economics,5
Juvenile corrections,5
Language and languages,5
"Migration, Internal",5
Italian Americans,5
Healing,5
Historians,5
High school students,5
Intimacy (Psychology),5
Human-animal relationships,5
Jewish ethics,5
Hip-hop,5
Housing policy,5
Intermarriage,5
"Justice, Administration of, in motion pictures",5
Human services,5
"Government, Resistance to",5
International criminal law,5
Health care rationing,5
International education ,5
Immigration enforcement,5
Interracial adoption,5
Euthanasia,5
Environmental ethics,5
Ethnicity in literature,5
Exploitation,5
Economic security,5
Environmental education,5
Empathy,5
False imprisonment,5
Educational psychology,5
Ethnic neighborhoods,5
Economic history,5
Football players,5
European Americans,5
"Economic assistance, Domestic",5
Environmental impact analysis,5
Family policy,5
Feminists,5
Depressions,5
Discrimination in juvenile justice administration,5
College teaching,5
Christianity and antisemitism,5
Community-based social services,5
"Comic books, strips, etc",5
"Civilization, Modern",5
Common good,5
Colonies in literature,5
Deaf,5
Church work,5
Critical discourse analysis,5
Concentration camps,5
Culture and globalization,5
College teachers,5
Communitarianism,5
Criminal investigation,5
"Christians, White",5
Community psychology,5
Communication in politics,5
Dance,5
Business,5
African American men in popular culture,5
Black Muslims,5
African American Catholics,5
Actions and defenses,5
Application software,5
African American teenage boys,5
Arts and society,5
African American women authors,5
Bioethics,5
African American women civil rights workers,5
Black people and mass media,5
African Americans and mass media,5
Black people in the Bible,5
African American football players,5
Archives,5
African Americans in the performing arts,5
Banks and banking,5
Academic writing,5
Basketball,5
Affirmative action programs in education,5
African American juvenile delinquents,5
Animal rights,5
Water,4
Women in motion pictures,4
Widows,4
Trials (Rape),4
World Wide Web,4
Spiritual healing,4
Sustainable agriculture,4
Trust,4
Women college teachers,4
Turkish Americans,4
Women social reformers,4
Ubuntu (Philosophy),4
Students,4
United States - Race relations,4
Stereotypes (Social psychology) in art,4
Suffrage,4
Transgender people,4
Urban Black people,4
Womanist theology,4
Television programs,4
Women immigrants,4
Sovereignty,4
Women lawyers,4
Sports and state,4
World health,4
Violence in motion pictures,4
Sports journalism,4
Toll roads,4
Tort liability of corporations,4
War crimes,4
"Security, International",4
Senses and sensation,4
Racism -- United States,4
Social norms,4
Slovak Americans,4
Social epistemology,4
Rational choice theory,4
Rich people,4
Social classes in mass media,4
Racism -- Political aspects -- United States -- History -- 20th century,4
Racism in criminal justice administration,4
Reconstruction (1939-1951),4
Rock music,4
Repentance,4
"Rodney King Riots, Los Angeles, Calif, 1992",4
Recognition (Philosophy),4
Religion and culture,4
Social scientists,4
Soldiers,4
Self-defense (Law),4
Religious life,4
Social security beneficiaries,4
Redemption,4
Refugee children,4
Sikhs,4
Social service and race relations,4
Religious education,4
Religious institutions,4
Police training,4
Public goods,4
Psychiatry,4
Organizational behavior,4
Quality of life,4
Political refugees,4
Prosecution,4
Nutrition policy,4
Photojournalists,4
People with mental disabilities,4
Public welfare in mass media,4
Polychlorinated biphenyls,4
Orientalism,4
Personality development,4
Property,4
Practice of law,4
Protestantism,4
Press and politics,4
Psychoanalysis and culture,4
Prison films,4
Public contracts,4
Prison sentences,4
Plantation life,4
Off-reservation boarding schools,4
Older women,4
Problem children,4
Queer theory,4
"Philosophy, Asian",4
Pastoral theology,4
Race on television,4
National socialism and occultism,4
Muslim women,4
Murder victims' families,4
Military pensions,4
"National characteristics, British",4
Mind and body,4
Nazis,4
Mass media and crime,4
Latin American literature,4
Mass media and culture,4
Medievalism,4
Minority college teachers,4
Law and the social sciences,4
Minority women college teachers,4
Natural law,4
Minority youth,4
Neo-Nazis,4
Minstrel shows,4
Malicious accusation,4
Language and education,4
Music and race,4
Missing persons,4
National characteristics,4
Montagnais Indians,4
Legislative bodies,4
Mass media and minorities,4
National liberation movements,4
Law in literature,4
National socialism and medicine,4
Mothers and sons,4
Legitimacy of governments,4
Learning,4
Neo-Nazism,4
Libraries and minorities,4
Lungs,4
Mestizaje,4
Material culture,4
Legal aid,4
Lesbian separatism,4
Irrigation,4
Identity (Psychology) in literature,4
Jamaicans,4
Highway planning,4
Indians in popular culture,4
Household employees,4
Information technology,4
Internationalism,4
Immigrant youth,4
German literature,4
Judaism and social problems,4
High schools,4
Higher education and state,4
Interracial couples,4
Historiography,4
Humanitarianism,4
"Italo-Ethiopian War, 1935-1936",4
Interracial marriage in literature,4
Japanese,4
Industrial management,4
Girls,4
Human rights in literature,4
Judaism,4
Human capital,4
Homicide,4
Industries,4
Judicial power,4
"Historical fiction, American",4
Identity (Philosophical concept),4
Justice (Jewish theology),4
Energy development,4
Gangster films,4
Flags,4
Free African Americans,4
Foreign trade regulation,4
Enlightenment,4
Drug traffic,4
"Families, Black",4
Defense (Criminal procedure),4
Dominican literature,4
Discrimination against people with disabilities,4
Education and globalization,4
Foreign workers,4
Environmental psychology,4
Emergency management,4
Evangelistic work,4
Equity,4
Corruption,4
Caring,4
Criminal liability,4
Community activists,4
Dalits,4
"Community development, Urban",4
Crimes against humanity,4
Clinical psychology,4
Communication and culture,4
Buddhism,4
Culturally relevant pedagogy,4
Community-based corrections,4
Correctional institutions,4
College integration,4
Children of minorities,4
Christians,4
"Children's literature, American",4
Compensation (Law),4
Caribbean Americans,4
Child rearing,4
Civil rights demonstrations,4
"Competition, International",4
Cultural psychiatry,4
Church and minorities,4
Civilization,4
Colored people (South Africa),4
Child abuse,4
Church and state,4
Death row inmates,4
African American boys,4
Baseball players,4
Authoritarianism,4
African American farmers,4
Black English,4
"Advertising, Newspaper",4
African American novelists,4
Academic achievement,4
Autobiography,4
African American police,4
American periodicals,4
African American leadership,4
African American boxers,4
Afrocentrism,4
Assisted suicide,4
African American theater,4
At-risk youth,4
Arab-Israeli conflict,4
African American businesspeople,4
AIDS activists,4
African American women educators,4
Alienation (Social psychology),4
American Dream,4
Artificial intelligence,4
Americans,4
Arts,4
African American college teachers,4
Alternatives to imprisonment,4
Black people in art,4
African American art,4
African American artists,4
African American press,4
Trials,3
Women radicals,3
"Students, Black",3
Triage (Medicine),3
Truth commissions,3
Waste disposal sites,3
Women entertainers,3
Urban schools,3
Women in the motion picture industry,3
Water-supply,3
Stress (Psychology),3
Welfare rights movement,3
Student strikes,3
Trials (Political crimes and offenses),3
Space,3
State governments,3
Women household employees,3
Track and field athletes,3
Video art,3
Suicide,3
Violence (Law),3
Utopias,3
Violence in art,3
Wife abuse,3
Working class women,3
Wit and humor,3
Spanish language,3
Womanism,3
Trial practice,3
United States -- Race relations,3
Volunteer workers in criminal justice administration,3
Substance abuse,3
Youth with social disabilities,3
Victims of family violence,3
Veterans,3
Revolutionaries,3
Social problems in art,3
Secularism,3
Research-Moral and ethical aspects,3
South Africans,3
Right to water,3
Self,3
South Asian Americans,3
Sex crimes,3
School discipline,3
School administration,3
Self-perception,3
Social work with children,3
Silent films,3
Recidivism,3
Skin,3
Racism against Asians,3
Skinheads,3
Social participation,3
Rites and ceremonies,3
Sexual ethics,3
Sexism in higher education,3
Social problems in literature,3
Sex discrimination in education,3
Sectionalism (United States),3
Retribution,3
Religious communities,3
Social work with African American children,3
South African fiction (English),3
Serial murders,3
Self-esteem,3
Plea bargaining,3
Picture books for children,3
Prison-industrial complex,3
Pacifists,3
Prison reformers,3
Pain,3
"Philosophy, Ancient",3
Population policy,3
"Political fiction, American",3
Portuguese language,3
Public relations,3
Race relations in mass media,3
Plantations,3
Race relations on television,3
Prisoners of war,3
"Novelists, American",3
Passing (Identity) in literature,3
Osage Indians,3
Offenses against property,3
Paranoia,3
Press and propaganda,3
Prostitutes,3
Outsiders in motion pictures,3
"Philosophy, Modern",3
Public spaces,3
Protest songs,3
Publishers and publishing,3
Philosophers,3
Nursing,3
Psychiatrists,3
"Philosophy, African",3
Nuns,3
Poetry,3
Parenting,3
Police and mass media,3
"Photography, Artistic",3
Race in art,3
Psychic trauma in literature,3
Organizational change,3
Profit,3
Race relations in school management,3
"Philosophy, Black",3
Online hate speech,3
"Propaganda, Anti-American",3
"Philosophy, French",3
Privatization,3
Moral development,3
"National characteristics, Italian",3
Language arts,3
"Motion pictures, German",3
Miscegenation in literature,3
Mozambicans,3
Law and ethics,3
Librarians,3
"Knowledge, Theory of",3
Minorities in higher education,3
Mass media and ethnic relations,3
Multiculturalism in literature,3
Missions,3
Minorities in library science,3
Legal drama,3
Minorities in literature,3
Lakota Indians,3
Kainah Indians,3
Marriage,3
Magic,3
"National characteristics, German",3
Minority college students,3
"National characteristics, Mexican",3
Literature and history,3
National security,3
Law schools,3
Mediation,3
Minority students,3
Management,3
Literature and science,3
Lotteries,3
"Mythology, Germanic",3
Masculinity in sports,3
Narration (Rhetoric),3
Mothers and daughters,3
Landscape protection,3
Land use,3
"Melodrama, American",3
Melungeons,3
Memorialization,3
Honor,3
Infant psychology,3
Jury,3
Human security,3
Health status indicators,3
International finance,3
Indian athletes,3
Indian girls,3
Islam and justice,3
Global environmental change,3
Grandparent and child,3
Hawaiians,3
Jewish law,3
Human skin color in literature,3
International agencies,3
Human trafficking,3
Jungian psychology,3
Historical museums,3
Industrialization,3
Indians in motion pictures,3
Human experimentation in medicine,3
Heredity,3
Geography,3
Group identity in literature,3
Genomics,3
Humanistic ethics,3
Gender identity in education,3
HIV infections,3
Human rights movements,3
Indigenous peoples in popular culture,3
Imperialism in motion pictures,3
Hunger,3
Indian activists,3
Hygiene,3
Indian Catholics,3
Industrial relations,3
Jurisprudence,3
Irish Americans,3
Irish Travellers (Nomadic people),3
Indian children,3
Indian courts,3
Income,3
French literature,3
Digital divide,3
Gay community,3
Fathers and sons,3
"Ethics, Modern",3
Ethnicity in the theater,3
Detective and mystery films,3
Detention of persons,3
Fathers,3
Documentary television programs,3
Freak shows,3
Ecofeminism,3
Faith-based human services,3
Difference (Philosophy),3
Education-Curricula,3
Deviant behavior in mass media,3
Education and sociology,3
Feminism in literature,3
Fascism and literature,3
Feminist jurisprudence,3
Gender expression,3
Employee rights,3
Extenuating circumstances,3
Europe,3
Failure (Psychology),3
Domestic relations,3
Faith,3
Environmental sociology,3
False arrest,3
Discrimination in capital punishment,3
Educational sociology ,3
Firearms,3
Design,3
Fiscal policy,3
Disaster victims,3
Discipline,3
Disasters,3
Drinking water,3
Ethnicity in motion pictures,3
Evolution (Biology),3
Fascist propaganda,3
Forced labor,3
"Gays, Black",3
Forced migration,3
Fathers and daughters,3
Dissenters,3
Epidemiology,3
Corporate governance,3
Church,3
Critical race theory,3
Civil rights in literature,3
Conscientious objectors,3
"Civilization, Ancient",3
Crime in literature,3
Child sexual abuse,3
Culture in motion pictures,3
Class actions (Civil procedure),3
Conflict of laws,3
British Americans,3
Contracts,3
Deception in literature,3
Campo Indians,3
College campuses,3
Criminal procedure,3
Change,3
Culture and law,3
Burmese Americans,3
Curriculums (Courses of study),3
"Children, Black",3
Conflict of interests,3
Comedians,3
Congestion pricing,3
Comedy,3
Calvinism,3
Decentralization in government,3
Corporate culture,3
Chinese,3
Correctional law,3
Christian biography,3
County courts,3
Communism and Christianity,3
Criminal justice personnel,3
Christian education of children,3
Church year sermons,3
Business and politics,3
City children,3
Christian women,3
Caste,3
Boxers (Sports),3
Curriculum planning,3
Boys,3
Cyberspace,3
Charity,3
Body image,3
Belief and doubt,3
"Authors, Black",3
Advertising,3
Art and race,3
Basic education,3
Art and society,3
African American physicians,3
"Art, Modern",3
African American detectives,3
African Americans -- Civil rights -- History -- 20th century,3
Alaska Natives,3
Artists' books,3
African American women in motion pictures,3
African American abolitionists,3
Bicycle commuting,3
Afro-Brazilian cults,3
Black,3
African American musicians,3
Archaeology and history,3
African American veterans,3
Aesthetics,3
Asian Americans in popular culture,3
Adversary system (Law),3
African American women in literature,3
Acculturation,3
Action research,3
Abenaki Indians,3
Agricultural laborers,3
Basketball players,3
Athletes,3
Berbers,3
Anthropological ethics,3
African American communists,3
Anthropological museums and collections,3
Biotechnology,3
Attorneys general,3
African American educators,3
Attribution (Social psychology),3
African American women college teachers,3
Australians,3
African American judges,3
Anti-communist movements,3
"Armenian Genocide, 1915-1923",3
Authority,3
African American men in literature,3
Applied ethics,3
Teacher-student relationships,2
Urban ecology (Sociology),2
Strangers in the Bible,2
Urban youth,2
"Speeches, addresses, etc, American",2
Speculative fiction,2
Storytelling in education,2
Sports and globalization,2
Work and family,2
Theism,2
"Youth, White",2
Uzbeks,2
"Teachers, White",2
Values,2
Technological innovations,2
Vampire films,2
Teenagers,2
Vampires in literature,2
Street vendors,2
Vaudeville,2
Television plays,2
Theodicy,2
Temperance,2
"Zoning, Exclusionary",2
Suffering,2
Theological anthropology,2
Teacher training,2
Victims of crimes in mass media,2
Women and the environment,2
Successful people,2
Women deans (Education),2
Time,2
Women in education,2
Vigilantes,2
Suburban life,2
"Style, Musical",2
Women journalists,2
Sports for children,2
Women singers,2
Sustainable engineering,2
Women's health services,2
Statesmen,2
Work ethic,2
Violence in men,2
Suicidal behavior,2
Sustainable living,2
Young adults,2
Sustainable urban development,2
Spirometry,2
Totalitarianism,2
Zapotec Indians,2
Visual sociology,2
Widows in the Bible,2
Volunteer workers in community development,2
Wilderness areas,2
Volunteer workers in corrections,2
"Teachers, Black",2
Totalitarianism and literature,2
Trials (Sex crimes),2
Volunteer workers in social service,2
Women anthropologists,2
Stations of the Cross,2
Storytelling,2
Tourism and city planning,2
Trinity,2
Tourists,2
Truth,2
War victims,2
Women in higher education,2
Waste (Economics),2
Women in mass media,2
Symbolism in politics,2
Women in popular culture,2
Traffic accidents,2
Women in the professions,2
Water quality,2
Twins,2
Water quality management,2
Television,2
"Tragic, The, in literature",2
"Underground comic books, strips, etc",2
Stereotype (Psychology) in mass media,2
Unemployment,2
Transcultural medical care,2
Structural adjustment (Economic policy),2
Transformative learning,2
Work environment,2
Well-being,2
Sufis,2
West Indian Americans,2
United States -- Race relations -- Political aspects,2
System safety,2
Television soap operas,2
Western films,2
Young adult literature,2
Whistle blowing,2
Young men,2
Tanzanian poetry (English),2
Youth development,2
Space perception,2
Suburban schools,2
White people in art,2
Yupik Eskimos,2
Tattooing,2
Urban transportation policy,2
Whites,2
Zulu (African people),2
Victims in literature,2
States' rights (American politics),2
Social justice -- United States,2
Republicanism,2
Socialization,2
Sanitation,2
Social aspects,2
"Sanitation Workers Strike, Memphis, Tenn, 1968",2
Roads,2
"Satire, English",2
Shrinking cities,2
Scandals,2
Resilience (Personality trait),2
School administrators,2
Social exchange,2
School improvement programs,2
Social networks,2
Reformatories,2
Social values in literature,2
School violence,2
Sexual orientation,2
Schools of economics,2
Signs and signboards,2
Racism in cartoons,2
Research,2
Science and law,2
Small claims courts,2
Secret societies,2
Social Darwinism,2
Regional disparities,2
Racism - Political aspects - United States - History - 20th century,2
Regionalism,2
Right to housing,2
Self-actualization (Psychology),2
Social planning,2
Self-culture in literature,2
Recidivists,2
Self-realization,2
Social work with minorities,2
Senegalese,2
Sexual harassment of women,2
Racism in theological seminaries,2
Sheriffs,2
Separated people,2
Sickle cell anemia,2
Serfs,2
Silence,2
Serology,2
Slave insurrections,2
Racism-- United States,2
Slavery and Islam,2
Religion and state,2
Slovak American newspapers,2
Sex differences,2
Resource allocation,2
Sex differences (Psychology),2
Rape in universities and colleges,2
Sex discrimination in higher education,2
Reunionese,2
Sex discrimination in literature,2
Revenge,2
Sex discrimination in sports,2
Right of property,2
Radio broadcasters,2
Right to education,2
Sex in mass media,2
Social mobility in literature,2
Religious pluralism,2
Social perception,2
Sexism in education,2
Reason,2
Remedies (Law),2
Rock musicians,2
Sexism in motion pictures,2
Social Security (International law),2
Sexism in religion,2
Rural crimes,2
Sexual consent,2
Social work with older people,2
Sexual dominance and submission,2
Soldiers' monuments,2
Sexual harassment in universities and colleges,2
Singers,2
Race awareness in literature,2
North and south,2
Online social networks,2
"Privacy, Right of",2
Primatologists,2
Patients,2
Race relations -- History,2
Probation,2
Public prosecutors,2
Popular literature,2
Political atrocities,2
Popular music,2
Pluralism,2
"Painting, Brazilian",2
Race in mass media,2
Other (Philosophy) in mass media,2
Political messianism,2
Propaganda,2
Noncitizen children,2
Persecution,2
Premature death,2
Racism -- France,2
Pueblo dance,2
Political persecution,2
Punishment in crime deterrence,2
Orphans in the Bible,2
Quantitative research,2
Postcards,2
Philosophy and social sciences,2
"Political plays, German",2
Politics and government,2
"Protest literature, American",2
Race in the theater,2
Peruvian literature,2
Police in art,2
Peer pressure,2
Political oratory,2
Petroleum pipelines,2
Prisons and race relations,2
Occupations and race,2
Philosophy and religion,2
Political questions and judicial power,2
Prejudices in literature,2
Occupy movement,2
Plantation owners,2
Power (Social sciences) in literature,2
Political stability,2
Parents of murder victims,2
Pueblo Indians,2
Psychoanalysis and anthropology,2
Pressure groups,2
Psychoanalysis and colonialism,2
Puritans,2
Power resources,2
Printing,2
Psychoanalysis and literature,2
Prints,2
Patriotism,2
Prison abolition movements,2
Psychobiology,2
Penal colonies,2
Opposition (Political science),2
People with disabilities in mass media,2
Physical anthropology and history,2
Police discretion,2
Pragmatism,2
"Political fiction, English",2
Public defenders,2
Prisoners in art,2
Political socialization,2
Peacekeeping forces,2
Old age in literature,2
Political leadership,2
"Public health laws, International",2
Police services for juveniles,2
Physical education and training,2
Paternalism,2
Public housing,2
Police social work,2
Public institutions,2
Prisons in art,2
Physical-appearance-based bias,2
Racism -- History,2
Murder victims,2
Nobility,2
Law and economic development,2
Malnutrition,2
Monogenism and polygenism,2
Kidnapping victims,2
"National characteristics, Brazilian",2
Manpower policy,2
Navajo Indians,2
"Marginality, Social, in literature",2
Mission of the church,2
Marriage in literature,2
Motion picture producers and directors,2
Married people in literature,2
Myth,2
Labor market,2
National parks and reserves,2
Labor movement,2
Nationalism in literature,2
Mass media and immigrants,2
Nightclubs,2
Labor policy,2
Lifelong learning,2
Knowledge economy,2
Mixed economy,2
Mass media and women,2
Motherhood,2
Mass media and youth,2
Latin American fiction,2
Mass shootings,2
Music and crime,2
Materialism,2
Lord's Supper,2
Maternal and child health services,2
"National characteristics, Spanish",2
Maternal health services,2
National socialism and education,2
Mathematical statistics,2
National socialism and science,2
Learning and scholarship,2
Macroeconomics,2
Mayas,2
New democracies,2
Media literacy,2
Nineteen twenties,2
Medical anthropology,2
Minority women in motion pictures,2
Land reform,2
Misogyny,2
Medievalism in art,2
Missionaries,2
Medievalism in literature,2
Money,2
Legal services,2
Moral conditions,2
"Men, Black",2
Mothers of murder victims,2
"Land use, Urban",2
Latin America,2
Leprosy,2
Literature and morals,2
Merit (Ethics),2
Museum techniques,2
Landscapes in literature,2
Musical form,2
Metabolic syndrome,2
"Mythology, Norse",2
"Lesbians' writings, American",2
Loss (Psychology),2
Letters,2
"National characteristics, East Asian",2
Mexican Americans in popular culture,2
Loyalty,2
Microaggressions,2
Law and anthropology,2
Middle class African Americans,2
National socialism and folklore,2
Middle class men,2
Lynching in art,2
Libel and slander,2
Lynching in literature,2
"Military history, Modern",2
Nation-state,2
Minorities - Mental health services,2
Nature conservation,2
Language policy,2
Negritude (Literary movement),2
Libraries and community,2
Newly independent states,2
Minorities in the motion picture industry,2
Nihilism (Philosophy),2
Libraries and society,2
Nineteenth century,2
Minority library employees,2
"Life and death, Power over",2
Male homosexuality,2
Islam and politics,2
Hispanic American youth,2
Hoodlums,2
Housing,2
Historical sociology,2
Harkis,2
Japanese American families,2
Human body (Philosophy),2
Intercountry marriage,2
Human body and language,2
Guilt,2
Human rights and globalization,2
Gender identity in literature,2
Generations,2
Gold miners,2
Geographic information systems,2
Homophobia in higher education,2
Health economics,2
"Justice, Administration of (Roman law)",2
Health planning,2
Ghanaians,2
Health promotion,2
Guaranteed annual income,2
Ibibio (African people),2
"Global Financial Crisis, 2008-2009",2
Genetic engineering,2
Internment camp inmates,2
Health services administration,2
Intervention (Federal government),2
Illegal arms transfers,2
Islamic clothing and dress,2
Illegality,2
Homicide investigation,2
Image of God,2
Jazz dance,2
Immigration opponents,2
Judaism and politics,2
Imperialism and science,2
Good and evil,2
Geopolitics in literature,2
"Justice, Administration of, on television",2
Incest,2
Intercultural communication in motion pictures,2
Inclusive education,2
Hispanic American theology,2
German drama,2
International African Service Bureau,2
Independent churches,2
International education,2
Indian authors,2
Historical fiction,2
Indian reservations,2
Habit,2
Indian students,2
Global warming,2
Indians in mass media,2
Interpersonal communication,2
German language,2
Interracial friendship,2
German shepherd dog,2
"Investments, Foreign",2
Hinduism,2
Islam and social problems,2
Indigenous women,2
Islamic fundamentalism,2
Individual differences,2
Jane Addams Children's Book Award,2
Hindus,2
Japanese American college students,2
Indo-Aryans,2
Gold mines and mining,2
Indo-Europeans,2
Jazz musicians,2
Industrial policy,2
Jews in literature,2
Information science,2
Judgment,2
Information storage and retrieval systems,2
Hospitality,2
Instruction,2
"Justice, Administration of (Islamic law)",2
Insurgency,2
"Justice, Administration of, in literature",2
Intellectual property,2
Germans,2
Inheritance and succession,2
Ecology in literature,2
"Education, Secondary",2
Filipinos,2
Electronic surveillance,2
Fanaticism,2
Detective and mystery television programs,2
Feminist economics,2
Discrimination in criminal justice,2
Food trucks,2
Emigration and immigration in literature,2
Disclosure of information,2
Detroit (Mich),2
Difference (Psychology) in mass media,2
Discrimination in financial services,2
Economic development-Environmental aspects,2
Energy consumption,2
Disability insurance claimants,2
Engineering ethics,2
Disabled veterans,2
"Detroit Race Riot, Detroit, Mich, 1943",2
"Foreign workers, Mozambican",2
Discrimination in language,2
Freedom of the press,2
Developing countries,2
Education-History,2
Development economics,2
Farmers' markets,2
English teachers,2
Fascism in literature,2
Entitlement attitudes,2
Female juvenile delinquents,2
Entrepreneurship,2
Feminism in art,2
Environment,2
Feminist literature,2
Environmental economics,2
Figures of speech,2
Discrimination in the military,2
"Finance, Public",2
Diseases,2
Food consumption,2
Documentary photography,2
Forecasting,2
"Ethics, Comparative",2
Forensic sciences on television,2
"Domestic fiction, American",2
Freedom of expression,2
Ethnic groups in literature,2
French fiction,2
Ethnic relations in literature,2
Gang prevention,2
Dracula films,2
Gay personals,2
Ethnicity in mass media,2
Farmers,2
Draft registration,2
"Farms, Small",2
"Draft Riot, New York, NY, 1863",2
Ecology,2
Ethnological museums and collections,2
Ecology in art,2
Ethnology in the Bible,2
Democracy -- United States -- History -- 20th century,2
Ethnophilosophy,2
Digital media,2
Drawing,2
Feminism and higher education,2
Eugenics in literature,2
Diplomacy,2
European communities,2
Disabilities,2
Europeans,2
Feminist psychology,2
Drug abuse,2
Feminist therapy,2
Dictatorship,2
Filicide,2
Eviction,2
Finance,2
"Evidence, Criminal",2
Fires,2
Ex post facto laws,2
Food banks,2
Executions and executioners,2
Food industry and trade,2
Exhibitions,2
Deconstruction,2
Exile (Punishment),2
Foreign films,2
Exiles,2
Detective and mystery stories,2
Exiles in literature,2
Foster children,2
Existentialism,2
Freedom and art,2
Existentialism in literature,2
Freedom of information,2
Dwellings,2
French,2
Election law,2
French-Canadians,2
False testimony,2
Full employment policies,2
Families-Social aspects,2
Gang rape,2
Difference (Psychology) in literature,2
Education-Philosophy,2
Family secrets,2
Famines,2
Eighteen nineties,2
Criminal justice,2
Canada,2
Citizenship in literature,2
Border security,2
Chiga (African people),2
Brothers and sisters,2
Commitment (Psychology),2
Communism and society,2
Culture shock,2
Cognition and culture,2
Cree Indians,2
Christian education of teenagers,2
Blind,2
Community and school,2
Captivity in motion pictures,2
Cognition in children,2
Cultural competence,2
Boundaries,2
Coaching (Athletics),2
Community museums,2
Censorship,2
Christian union,2
Child soldiers,2
Children and war,2
Crime on television,2
Community theater,2
Criminal anthropology,2
Cold War -- Social aspects -- United States,2
Criminal investigation on television,2
Characters and characteristics in literature,2
Catholic universities and colleges,2
Comparative economics,2
Caregivers,2
Blame,2
Caribbean literature (Spanish),2
Businesswomen,2
Carnival,2
Buddhist monasticism and religious orders for women,2
Cartoonists,2
Charities,2
Culture diffusion,2
Civil service,2
Communication in education,2
Composition (Language arts),2
Brazilian wit and humor,2
Computer crimes,2
Church renewal,2
Data mining,2
Creative writing,2
Children in literature,2
Change (Psychology),2
Charity laws and legislation (Jewish law),2
Cannibalism in literature,2
Busing for school integration,2
Crime-Sociological aspects,2
Buddhist women,2
Canon (Literature),2
"College students, White",2
Church work with minorities,2
British,2
Criminal jurisdiction,2
Children of prisoners,2
Commercial crimes,2
Caciques (Indian leaders),2
Commercial law,2
Conspiracies,2
Cardiovascular system,2
Children of sharecroppers,2
Church work with youth,2
Continental philosophy,2
Children's stories,2
Colonists,2
Branding (Marketing),2
Conversion,2
Citizen suits (Civil procedure),2
Chicano movement,2
Cultural pluralism in literature,2
Corpora (Linguistics),2
Common law,2
Corporal punishment,2
Civil disobedience,2
"Civilization, Medieval",2
Brothers,2
Clerks of court,2
Chinese Canadians,2
Corporate power,2
Curatorship,2
Branch banks,2
Communication in medicine,2
Burning (Execution),2
Brazilian poetry,2
Climate change,2
Communication of technical information,2
Church history,2
Computer simulation,2
Catholic converts,2
Commonwealth literature (English),2
Behavioral economics,2
Automobile industry and trade,2
Abused elderly,2
African American women in higher education,2
African American cartoonists,2
Archaeological museums and collections,2
African American schools,2
African American Methodists,2
Black people in popular culture,2
Adjustment (Psychology),2
Banana trade,2
Agape,2
African American architects,2
African American high school students,2
Bhairava (Hindu deity),2
"Armenian massacres, 1894-1896",2
African American automobile industry workers,2
"Armenian massacres, 1909",2
African American singers,2
Armenians,2
Abused women,2
African American mothers,2
Avant-garde (Aesthetics),2
Age groups,2
African American dancers,2
Art and social action,2
African Americans in the motion picture industry,2
Academic freedom,2
Beauty contests,2
Aging,2
Belonging (Social psychology),2
"Art, South African",2
Biodiversity,2
African American women in popular culture,2
Bioterrorism,2
Artists,2
African American cemeteries,2
Accidents,2
African American churches,2
African American women lawyers,2
Applied human geography,2
African American women legislators,2
Black people on television,2
"Arts, Japanese",2
African American social reformers,2
Asian American college students,2
Autonomy (Philosophy),2
African American women social reformers,2
African American parents,2
Asian American women in motion pictures,2
Adulthood,2
Albinos and albinism,2
Bars (Drinking establishments),2
Asian Americans in mass media,2
African American scholars,2
Abjection in literature,2
African American air pilots,2
African American radicals,2
African American labor union members,2
Asians in literature,2
"Beauty, Personal",2
Alternative agriculture,2
African American families in literature,2
African American dance,2
African American school principals,2
Adoption,2
African Blood Brotherhood,2
"Associations, institutions, etc",2
Antilleans,2
Athapascan Indians,2
African diaspora in literature,2
African American feminists,2
African literature (English),2
African American teenagers,2
Black in literature,2
Africa in textbooks,2
Apathy,2
African American,2
Black newspapers,2
"African Americans -- Legal status, laws, etc -- History -- 20th century",2
Acholi (African people),2
African Americans -- Race identity,2
Africans in art,2
African American sailors,2
Black people in motion pictures,2
African American football coaches,2
African American consumers,2
Adultery,2
African American clergy,2
African American universities and colleges,2
Arab Americans in literature,2
"Authors, French",2
Anger in literature,2
"16th Street Baptist Church Bombing, Birmingham, Ala, 1963",2
System theory,1
"Women, Black, in literature",1
Twelve-step programs,1
Spanish-American fiction,1
Squatters,1
Third-wave feminism,1
Women comedians,1
Thrillers (Motion pictures),1
United States -- Politics and government -- 1945-1989,1
Utopias in literature,1
Student ethics,1
Taoist ethics,1
Young women,1
Vacation homes,1
Women athletes,1
Time perception,1
Truthfulness and falsehood,1
Time travel,1
Tetralogy of Fallot,1
Vampires,1
Women superheroes,1
Tithes (Jewish law),1
Women's police stations,1
Tobacco,1
Student loans,1
Vedic literature,1
Xenophophobia,1
Tobacco industry,1
State action (Civil rights),1
Victims,1
Women and socialism,1
Tariff,1
Women college administrators,1
Spatial behavior,1
Sugarcane industry,1
Tonga (Zambezi people),1
Women in cooperative societies,1
Victims of crimes surveys,1
Women in the civil service,1
Topical preaching,1
Women photographers,1
Victims of hate crimes,1
Teutonic race,1
Victims of violent crime,1
"Women, Arab",1
Victims of violent crimes,1
Strikes and lockouts,1
Tax accounting,1
Student affairs services,1
Video gamers,1
Working class white people,1
Video games,1
"World War, 1914-1918 -- African American",1
Video recording,1
Wrongful death,1
Video recordings for the hearing impaired,1
Upper class -- Attitudes,1
"State, The, in literature",1
Youth in church work,1
Vietnamese Americans,1
State courts,1
Torts,1
Women and psychoanalysis,1
Vineyards,1
Swedish essays,1
Sunday schools,1
Women bishops,1
Tax laws,1
Trinidadian Americans,1
Violence in adolescence,1
Women domestics in literature,1
Superheroes,1
Television writers,1
Sports for women,1
Women in Christianity,1
Violence in mass media,1
Symbolism of colors in literature,1
Tay-Sachs disease,1
Tenement houses,1
"Surgery, Plastic",1
Sympathy,1
Violence in sports,1
Women pacifists,1
Violence in video games,1
Women politicians,1
Toxicology,1
Women school principals,1
Virginia -- Ethnic relations -- History,1
Women social workers,1
Virtues in literature,1
Women terrorists,1
"Speeches, addresses, etc, Swedish",1
"Women, Black in literature",1
Visual perception,1
United States - Race relations - History - 20th century,1
Traditional ecological knowledge,1
Women's bookstores,1
"Vocation (in religious orders, congregations, etc)",1
Women's rights - New York (State) - New York - History - 19th century,1
Voice (Philosophy),1
United States - Relations - Great Britain,1
Voluntarism,1
Working class in literature,1
Traffic accident victims,1
Work-life balance,1
Teachers' unions,1
Student participation in curriculum planning,1
Success,1
"World War, 1914-1918 -- Participation, African American",1
Subsidiarity,1
Worship programs,1
"Speeches, addresses, etc",1
Xbox video games,1
Spirit possession,1
Young adult fiction,1
"Voyages, Imaginary",1
Urban African Americans,1
Vulgarity in literature,1
Students in art,1
Waldorf method of education,1
Youth protest movements,1
Wampanoag Indians,1
"Yugoslav War, 1991-1995",1
Status offenders,1
Zines,1
War (Philosophy),1
Taboo in literature,1
War and civilization,1
Women and religion,1
War and literature,1
Southern States in art,1
War and socialism,1
Women artists,1
Stepfamilies,1
"Women authors, American",1
War brides,1
Women civil rights workers,1
War casualties,1
Women college students,1
Transgender students,1
Symbolism,1
War criminals,1
Television series,1
War neuroses,1
Women educators,1
Stereotype (Psychology),1
Women foreign workers,1
Sports in literature,1
Women human rights workers,1
Transnational crime,1
Women in art,1
Subculture,1
Women in church work,1
Transnationalism in literature,1
"Tulsa Race Massacre, Tulsa, Okla, 1921",1
"Transplantation of organs, tissues, etc",1
Tutsi (African people),1
Subject headings,1
Twenty-first century,1
Water resources development,1
Women in the Catholic Church,1
Water rights,1
Terminal care,1
Water rights (International law),1
Sportswriters,1
Sports spectators,1
Women murderers,1
Water-supply engineering,1
Women philosophers,1
"Watts Riot, Los Angeles, Calif, 1965",1
Squatter settlements,1
Transsexuals,1
Street children,1
Web-based instruction,1
Women revolutionaries,1
Space and time,1
Women seminarians,1
Stereotypes (Social psychology) in advertising,1
Syndicalism,1
Travelers,1
"Women social workers, Black",1
Travelers' writings,1
"Women teachers, Black",1
"Travelers' writings, English",1
Women&#x2019;s rights -- New York (State) -- New York -- History -- 19th century,1
West Africans,1
United States -- Race relations -- History,1
Treason,1
"Women, Black, in art",1
Treasure troves,1
"Women, Black, in popular culture",1
West Indians -- Migrations -- History -- 20th century,1
"Women, Surinamese",1
West Indians -- Politics and government -- 20th century,1
Women-owned business enterprises,1
West Indians -- Social conditions -- 20th century,1
United States -- Race relations -- History -- 20th century,1
"West Indies, British -- Emigration and immigration -- History -- 20th century",1
Syphilis,1
Teenage boys,1
Student adjustment,1
South Asians in literature,1
United States -- Race relations -- Psychological aspects,1
White collar crimes,1
United States -- Relations -- Great Britain,1
White in literature,1
Working class African Americans,1
Subjectivity in literature,1
Working class men,1
Trials (Child sexual abuse),1
United States - Social policy,1
Trials (Crimes against humanity),1
United States -- Social policy,1
Trials (False imprisonment),1
United States-Politics and government,1
Spade (The English word),1
"World War, 1914-1918 - African American",1
Trials (Genocide),1
"World War, 1914-1918 - Participation, African American",1
Whites - Race identity,1
United States-Study and teaching,1
Whites -- Race identity,1
Worship,1
Widowers,1
Textile cooperatives,1
Trials (Kidnapping),1
"X, Malcolm, 1925-1965 -- Travel -- England -- Oxford",1
Trials (Libel),1
Student unions,1
Trials (Manslaughter),1
Yashar (The Hebrew word),1
Sports team mascots,1
"Young adult fiction, American",1
Wilderness areas in literature,1
"Young adult literature, American",1
Wilderness survival,1
Textile workers,1
Wildlife refuges,1
Sports administration,1
Wind power,1
Theater  and society,1
Wine industry,1
Youth movements,1
Trials (Narcotic laws),1
Urban geography -- United States,1
Witness bearing (Christianity),1
South Asians,1
Stereotypes (Social psychology) in the performing arts,1
Yupik Eskimo law,1
Wives,1
Urban renewal -- Michigan -- Detroit,1
Trials (Police misconduct),1
Suburbanites,1
Swearing in literature,1
"Zoot Suit Riots, Los Angeles, Calif, 1943",1
Sterilization (Birth control),1
Taiwan aborigines,1
Sweatshops,1
Return migration,1
Racism -- Religious aspects -- Christianity,1
Realism in literature,1
Radical economics,1
Soft law,1
Religious adherents,1
Right to counsel,1
Racism in schools,1
Rock videos,1
Reflection (Philosophy),1
Socialism and education,1
Sex differences in education,1
Self-interest,1
Racism -- Virginia -- History,1
Rats,1
Religious discrimination,1
Social justice-South Africa,1
Racism -- Western countires -- History -- 18th century,1
Risk assessment,1
Religious ethics,1
"Romani Genocide, 1939-1945",1
Sex discrimination in employment,1
Russia,1
Science and the humanities,1
Sacraments,1
Religious fundamentalism,1
Somalis,1
Science education,1
Religion and law,1
Sex discrimination in medicine,1
Social group work,1
Racism -- Political aspects -- Great Britain -- History -- 20th century,1
Reading,1
Sex in art,1
Right to development,1
Scientists,1
Right to life,1
Racism -- Political aspects -- History -- 20th century,1
Social norms in literature,1
Sex instruction,1
Social problems in mass media,1
Sex offenders,1
Social sciences-Philosophy,1
Radio in propaganda,1
Social skills,1
Sex role - New York (State) - New York - History - 19th century,1
San (African people),1
Sex role -- New York (State) -- New York -- History -- 19th century,1
Russian literature,1
Screenwriters,1
Societies,1
Religious right,1
Sadism in literature,1
Radio talk shows,1
Salvadorans,1
Sex role in the work environment,1
Religion and the social sciences,1
"Religious tolerance -- Southwest, New",1
Retirement income,1
Sexism in art,1
Social engineering,1
Seasons,1
Self-perception in children,1
Secession,1
Rastafari movement,1
Renaissance,1
"Rawls, John",1
Renfrewshire (Scotland),1
Social interaction in children,1
Rental housing,1
Social justice - United States,1
Sexism in medicine,1
Reformation in literature,1
Secrecy,1
Social marketing,1
Sexism in political culture,1
Social mobility -- History,1
Sanctuary movement,1
Religion and science,1
Sexism in science,1
School sports,1
Ragtime music,1
"Serigraphy, American",1
Sexism in theological seminaries,1
Racism in museum exhibits -- United States,1
Sex-oriented businesses,1
Role expectation,1
Sexual abuse victims,1
Roman provinces,1
Sexual attraction,1
Romanies in motion pictures,1
Reggae music,1
Romaphobia,1
Sexual division of labor,1
Sewerage,1
School children,1
Rural development,1
"Railroad Strike, US, 1877",1
Sex (Psychology) in art,1
Sexual excitement,1
Socialism and antisemitism,1
Railroads,1
Socialist feminism,1
Securities,1
Sabbath,1
Regional planning,1
Sadism in art,1
Report writing,1
Sailors,1
Sexual minority college students,1
"Sale of organs, tissues, etc",1
Sexual minority youth,1
Solitary confinement,1
Sedition,1
Soninke (African people),1
Sexual psychology,1
Restoration movement (Christianity),1
Sexually transmitted diseases,1
Retirement,1
Representation (Philosophy),1
Social control in literature,1
School choice,1
Rape victims,1
Shipwrecks,1
Return migrants,1
Short films,1
Social ethics in literature,1
"Short stories, American",1
Racism -- Tennessee -- Memphis -- History -- 20th century,1
"Short stories, Brazilian",1
Self-realization in women,1
Regionalism (International organization),1
Semiotics,1
Segregation in literature,1
Rhythm,1
Sideshows,1
Richmond (Va),1
Sign language,1
Social interaction in adolescence,1
Rejuvenation,1
Reformation,1
Signs and symbols,1
Social justice -- History,1
Racism -- Western countires -- History -- 19th century,1
Religion and literature,1
Reform Judaism,1
Reading (Elementary),1
Silent Brotherhood,1
Social justice-- Latin America,1
Reprisals,1
Real estate development,1
Simplicity (Philosophy),1
Sanitary landfills,1
Same-sex marriage,1
Real property,1
South African poetry (English),1
Separation (Psychology),1
Sami (European people),1
Social movements -- Political aspects,1
Reproductive technology,1
Reality television programs,1
"Self-care, Health",1
Risk,1
Slaughtering and slaughter-houses,1
Serial murder investigation,1
Self-control,1
Racism in law enforcement,1
Rescue work,1
Robbery,1
Slave trade in literature,1
Social psychiatry,1
School environment,1
"Sermons, American",1
Racism - United States - History - 20th century,1
"Satire, French",1
Rap musicians,1
Social sciences -- United States -- History -- 20th century,1
Religion and civil society,1
Roman law,1
Slavery on television,1
Reformatories for women,1
"Sleepy Lagoon Trial, Los Angeles, Calif, 1942-1943",1
Racism - Political aspects - Great Britain - History - 20th century,1
Racism -- United States -- History -- 20th century,1
Social settlements,1
Resistance (Philosophy),1
Romanticism,1
Small business,1
Rugby football,1
Small cities,1
Running races,1
Racism -- United States -- Psychological aspects,1
Social work,1
Small schools,1
Social work with African Americans,1
"Snake River Massacre, 1887",1
Racism in public administration,1
"Resolutions, Legislative",1
Religion and the press,1
Soccer players,1
Russian drama,1
Soccer teams,1
Rwandans,1
Social acceptance,1
Socialism and Christianity,1
Social accounting,1
Socialism and liberty,1
Self-help groups,1
Sex and art,1
Racism -- Political aspects -- United States,1
Society of Friends,1
Social archaeology,1
Sabbatical year (Judaism),1
Self-immolation,1
Sociologists,1
Social capital (Sociology),1
Sociology of disability,1
Social case work with youth,1
"Sociology, Rural",1
Responsibility in adolescence,1
Sociophysics,1
Social change -- Political aspects,1
Soft sculpture,1
Social change in literature,1
Sex and history,1
Responsibility to protect (International law),1
Salvation,1
Restaurants,1
"Somalia Affair, 1992-1997",1
Social classes -- Political aspects -- United States,1
Samba (Dance),1
Social classes in literature,1
South Africa,1
Rape as a weapon of war,1
Social conditions,1
"South African War, 1899-1902",1
Single mothers,1
Single-sex schools,1
Racism -- New York (State) -- New York -- History -- 20th century,1
Self-esteem in children,1
Nuclear weapons,1
Political rights,1
Perception,1
Racism -- Michigan -- Detroit -- History -- 20th century,1
"Omi, Michael",1
Parents of gifted children,1
Public art spaces,1
Obedience (Law),1
Pueblo Indians -- Religion,1
Popular education,1
Race discrimination -- Law and legislation -- Brazil,1
Oromo (African people),1
Racism -- Brazil -- History,1
Philosophy of nature,1
Old age,1
Philosophy of nature in literature,1
Political ecology,1
Population geography,1
Public spaces -- United States,1
Parks,1
"Purity, Ritual",1
Parlements (French courts),1
Race awareness -- Western countries -- History -- 18th century,1
Overpopulation,1
Petroleum industry,1
Pornography,1
Philosophical anthropology,1
Party affiliation,1
Nuclear warfare in literature,1
"Philosophy, European",1
Psychoanalysts,1
Ovum,1
Peonage,1
"Philosophy, German",1
Pan-Americanism,1
Postcolonialism - France,1
Public law ,1
Postcolonialism -- France,1
Public safety,1
Postcolonialism -- United States,1
Parades,1
"Philosophy, Marxist",1
Pardon,1
Passing (Identity) - United States,1
Political realism,1
Post-conviction remedies,1
"Political rights, Loss of",1
"Posters, Austrian",1
POLITICAL SCIENCE / History et Theory / bisacsh,1
Photograph collections,1
Race disdrimination,1
Postmodernism (Literature),1
Nonviolence in literature,1
Postmodernism and higher education,1
Outlaws,1
Photographic criticism,1
Polygamy,1
Passing (Identity) -- United States -- Case studies,1
Police subculture,1
Potawatomi Indians,1
Pentecostal churches,1
Noir fiction,1
Political anthropology,1
Poverty -- Michigan -- Detroit -- History -- 20th century,1
Psychological torture,1
Poverty in literature,1
Psychophysics,1
Poverty in the Bible,1
Political clubs,1
Photography in ethnology,1
"Notting Hill Riots, London, England, 1958",1
Photography of sculpture,1
Political culture -- United States,1
Ovum donors,1
Panic disorders,1
Pastoral counseling,1
Noncitizen detention centers,1
oxers (Sports) --United States -- Biography,1
Panjabis (South Asian people),1
Prayer,1
Old age pensions,1
Oxford Union -- History -- 20th century,1
Political obligation,1
Paternity,1
Other (Philosophy) in literature,1
Patient-centered health care,1
Political philosophy,1
Pacific Islander Americans,1
Punishment in literature,1
Physician and patient,1
Personnel management,1
"Prerogative, Royal",1
"Orangeburg Massacre, Orangeburg, SC, ",1
Physicians,1
"Quotations, English",1
Presidents -- United States -- Biography,1
Race -- Philosophy,1
Physicians (General practice),1
Race awareness in adolescence,1
Physics,1
Race discimination,1
Pianists,1
Race discrimination -- Law and legislation -- United States,1
Pre-trial intervention,1
Pesantrens (Islamic schools),1
Pre-trial release,1
Political theology,1
Preventive mental health services,1
Parental grief,1
Priests,1
Phenomenology ,1
Picture books,1
Online dating,1
Primitivity (Psychoanalysis),1
Online sexual predators,1
Pacific Islanders,1
PHILOSOPHY / Political / bisacsh,1
Pictures,1
Poor in literature,1
Picture-writing,1
Pensions,1
Pioneers,1
Policewomen,1
Pipil Indians,1
Political action committees,1
Prison homicide,1
Psychoanalysis and education,1
Pirates,1
Political atrocitie,1
Patriarchy in literature,1
Pentecostalism,1
Offenses against the person,1
Psychologist,1
Pacifism,1
Psychology and religion,1
Northeastern states,1
Psychosexual disorders,1
Platonists,1
Psychotherapy patients,1
Peace (Philosophy),1
Public art,1
Pleasure,1
Political consultants,1
Oppression,1
"Panama Canal Strike, Panama, 1920",1
Peace movements in literature,1
Nuisances,1
Poets,1
Political customs and rites,1
Poets laureate,1
Public interest,1
Private international law,1
Public international law,1
Private investigators,1
Public officers,1
"Poets, American",1
Public opinion -- United States,1
Privilege,1
Perfection,1
Privilege (Social psychology),1
Performance poetry,1
Probabilities,1
Public school closings,1
"Poets, Black",1
Papacy,1
Probation officers,1
Public universities and colleges,1
"Poets, Brazilian",1
Public welfare administration,1
Polarization (Social sciences),1
"Nuremberg Trial of Major German War Criminals, Nuremberg, Germany, 1945-1946",1
Professional employees,1
"Persian Gulf War, 1991",1
Professional ethics,1
Pueblo Indians -- Rites and ceremonies,1
Professional learning communities,1
"Pulp literature, American",1
Nubia,1
"Political plays, English",1
Progress,1
Parent and adult child,1
Progressive education,1
Personalized medicine,1
Opposition (Political science) in literature,1
Quality of work life,1
Project management,1
Que?bec Liberal Party,1
Oral interpretation of poetry,1
Quests (Expeditions),1
Nuclear energy,1
Quilts,1
"Propaganda, Confederate",1
Rabbinical literature,1
"Propaganda, French",1
Race - Philosophy,1
"Propaganda, German",1
Noncitizens in literature,1
"Pearl Harbor (Hawaii), Attack on, 1941",1
Race awareness -- Western countries -- History -- 19th century,1
Pakistanis,1
Noble savage stereotype in literature,1
Proportional representation,1
POLITICAL SCIENCE / International Relations / General / bisacsh,1
Proposal writing for grants,1
POLITICAL SCIENCE / Political Freedom et Security / Human Rights / bisacsh,1
Pediatrics,1
Race discrimination - Law and legislation - United States,1
Paleontologists,1
Race discrimination in literature,1
Nuclear warfare,1
Race identity,1
Police murders,1
Pessimism,1
"Protest literature, Canadian",1
Political statistics,1
"Protest literature, English",1
Parental acceptance,1
"Protest literature, Russian",1
Race relations - History,1
Off-reservation boarding schools in art,1
Omaha women,1
Protest movements -- United States,1
Phallicism,1
Protest poetry,1
"Obama, Barack",1
Police power,1
"Politics, Practical",1
Protestant churches,1
Racial justice in education,1
Pan-Africanism,1
Racial relations,1
Protestants,1
Parents of gender-nonconforming children,1
"Proverbs, English",1
"Obama, Barack -- Political and social views",1
Psychiatric hospitals,1
Racism ,1
Psychiatric social work,1
Racism - France,1
Penis,1
Racism - History,1
Penis in literature,1
Poor laws,1
Racism - New York (State) - New York - History - 20th century,1
Poor People's Campaign,1
Poor women,1
Law in motion pictures,1
Medical colleges,1
Local color in literature,1
Masks,1
Natural gas pipelines,1
Mental health policy,1
"Literature, Medieval",1
Lesbian activists,1
Muslims -- France,1
Lesbian community,1
Land settlement,1
Mental illness in mass media,1
Labor disputes,1
Mental illness in motion pictures,1
Multicultural services librarians,1
Mental representation,1
"Little Bighorn, Battle of the, Mont, 1876",1
Mentally ill,1
Musical theater,1
Korean American college students,1
Juvenile recidivists,1
Masquerades in literature,1
Low-performing schools,1
Landscapes,1
Nationalism and nationality,1
Labor mobility,1
Memorials,1
Manners and customs,1
Memory in literature,1
Metaphor,1
Motor vehicle drivers,1
Korean American women,1
"Literature, European",1
Methodist preaching,1
Juvenile probation,1
Methodists,1
Marriage (Islamic law),1
Me?tis,1
Music and state,1
Metropolitan areas,1
Muslim women authors,1
"Law, Abron",1
Mysticism,1
"Law, Assyro-Babylonian",1
Narrative medicine,1
Mexican Americans in literature,1
Legal assistance to prisoners,1
"Law, Medieval",1
Legal assistance to women,1
Levees,1
Legal education,1
Manorial courts,1
Juvenile detention,1
Microeconomics,1
Made-for-TV movies,1
Liability (Law),1
Korean American business enterprises,1
Mass media and judicial power,1
Neutrality,1
Mass media and language,1
Memphis (Tenn) -- Race relations -- History -- 20th century,1
Middle Eastern literature,1
"Learning, Psychology of",1
Middle schools,1
Mayors,1
Midwifery,1
Multiculturalism - France,1
Migrant labor,1
Mumming,1
Liability for human rights violations,1
Municipal officials and employees,1
Law-Europe,1
Murder in mass media,1
Military engineering,1
Liturgics,1
Military government,1
Liturgy,1
Military history,1
Music and globalization,1
Law and globalization,1
Music videos,1
Military offenses,1
Muslim scholars,1
Military pay,1
Long-distance runners,1
Kennewick Man,1
Mutualism,1
Military psychiatry,1
Malpractice,1
Military weapons,1
Namibian literature,1
"Milliken's Bend, Battle of, La, 1863",1
Lookalikes,1
Liberalism (Religion),1
LAW / International / bisacsh,1
Mindfulness (Psychology),1
Love poetry,1
Mines and mineral resources,1
Medical geography,1
Minimum wage,1
National socialism and art,1
Mining districts,1
"Medicine, Preventive",1
Mining engineering,1
Martial law,1
Minjung theology,1
Nationalism in the press,1
Minnesota,1
Nativistic movements,1
"Korean War, 1950-1953",1
Marxian school of sociology,1
Manslaughter,1
Nature in literature,1
Leadership in minority women,1
Nazi concentration camps,1
Languages in contact,1
Mafia,1
Libraries,1
Labor economics,1
Mass media and the arts,1
Memory (Philosophy),1
Minorities in medicine,1
Memphis (Tenn) -- History -- 20th century,1
Lao (Tai people),1
"Land use, Rural",1
Minorities in sports,1
Manifest Destiny,1
Labor laws and legislation (Canon law),1
Law in mass media,1
Minorities in the professions,1
Mountaintop removal mining,1
Minorities on television,1
Koreans,1
Minority authors,1
Latin American students,1
Man-woman relationships in literature,1
Multiculturalism -- France,1
Library schools,1
Multimedia (Art),1
Minority consumers,1
Municipal courts,1
Minority economists,1
Municipal incorporation,1
Minority high school students,1
Municipal services,1
Minority lesbians,1
Murder in literature,1
Minority librarians,1
Mbosi (African people),1
Mass media criticism,1
Murderers,1
Laotians,1
Museum exhibits -- Moral and ethical aspects -- United States,1
Minority teachers,1
Museum visitors,1
Minority teenagers,1
Museums -- United States -- Management,1
Life,1
Media studies,1
Mass murder,1
Laughter in literature,1
Noble savage stereotype,1
Music in prisons,1
Maori (New Zealand people),1
Lecturers,1
Minority women lawyers,1
Muslim athletes,1
Life change events,1
Labor and globalization,1
Life imprisonment,1
Muslim youth,1
Life skills,1
Muslims -- Cultural assimilation -- France,1
Miscegenation -- Brazil -- History,1
"Muslims, Black",1
Learned institutions and societies,1
"My Lai Massacre, Vietnam, 1968",1
Miscommunication,1
Mystics,1
Master and servant,1
Long-term care facilities,1
Missing children,1
"Names, Personal",1
Lifestyles,1
Long-term care of the sick,1
"Labor unions, Black",1
Narrative therapy,1
Material culture in literature,1
"Medical care, Cost of",1
"Missionaries, Medical",1
Medical drama,1
Lighthouses,1
"National characteristics, Dominican",1
"Missions, Medical",1
Law / Social aspects / Ireland,1
Mitochondrial DNA,1
Low-income housing,1
"Labor laws and legislation, International",1
Marriage law,1
Mixed media (Art),1
Medical personnel,1
Model minority stereotype,1
Lust,1
Modernism (Literature),1
Medical technology,1
Monastic and religious life of women,1
National socialism and intellectuals,1
Monetary policy,1
National socialism and music,1
Monetary unions,1
Malians,1
Law and geography,1
Nationalism and education,1
Marijuana,1
Melancholy,1
Monroe doctrine,1
"Nationalities, Principle of",1
Monsters,1
Nation-state and globalization,1
Monsters in literature,1
Natural disasters,1
Linguistic minorities,1
Maat (Egyptian deity),1
Marines,1
NATURE / Environmental Conservation & Protection,1
Linguistics,1
Legislation,1
Lion,1
Nature stories,1
Moral education (Higher),1
Nazi concentration camp inmates,1
Moral motivation,1
Madrasahs,1
Mormon Church,1
Negro leagues,1
Motels,1
Neighborhoods,1
Mother and child,1
Majorities,1
Mathematicians,1
Neurosciences,1
Motherhood in literature,1
"New Deal, 1933-1939",1
Lion attacks,1
New Left,1
Last Supper,1
Male friendship,1
Literacy programs,1
Nihilism,1
Labor leaders,1
"Nineteen sixty-eight, AD",1
Motion picture actors and actresses,1
Men in literature,1
Literary form,1
Nobility in literature,1
Motion picture plays,1
Maundy Thursday,1
Minority women in higher education,1
"Justice, Administration of / Ireland",1
Homelessness,1
Holocaust (Christian theology),1
"Geology, Stratigraphic",1
Jubilee (Judaism),1
Immigrants in literature,1
"History, Military",1
"Immigrants' writings, American",1
Home ownership,1
Grief,1
Jewish athletes,1
Genocide survivors,1
Judicial review,1
"Heredity, Human",1
Internet personalities,1
Human ecology in art,1
Intervention (International law),1
Hate crime investigation,1
Irish,1
Heresy in science,1
Islamic religious education,1
German Americans,1
Housekeeping in literature,1
Improvisation (Music),1
Job security,1
Incentives in industry,1
Judgments,1
Gender-nonconforming children,1
Illustrated children's books,1
Human figure in art,1
Hurricanes,1
Gothic revival (Literature),1
Hutu (African people),1
Genealogy,1
Interracial marriage in mass media,1
Income maintenance programs,1
Hmong Americans,1
Indemnity,1
Involuntary treatment,1
Human genome,1
Home,1
India,1
Islamic education,1
Hermeneutics,1
Israelis,1
Heroes,1
Haitian literature,1
Generation Y,1
Government executives,1
Indian captivities,1
Jewish scientists,1
Heterosexism,1
"Jones, Alice Beatrice -- Trials, litigation, etc",1
Heterosexuality in literature,1
Homosexuality in literature,1
Indian cosmology,1
Illegal immigration,1
High school athletes,1
Jurors,1
Indian ethics,1
"Gothic fiction (Literary genre), English",1
High school principals,1
Helping behavior,1
Indian intellectuals,1
Internet in higher education,1
Indian museum curators,1
Internment camps,1
Indian philosophy,1
Hair,1
Indian prisoners,1
God,1
Human physiology,1
Intersex children,1
Human population genetics,1
Interviewing in sociology,1
Grotesque in literature,1
Intimidation,1
Indian women physicians,1
Genocide in literature,1
"High school students' writings, American",1
Holocaust denial literature,1
High school teachers,1
Irish in literature,1
Indians as mascots,1
Irrigation farming,1
Group decision making,1
Idealism,1
Governors general,1
Homeless persons,1
Gender mainstreaming,1
Islamophobia -- France,1
Government purchasing,1
Italian Americans in literature,1
Indians of Central America,1
Ivoirian literature (French),1
Hijab (Islamic clothing),1
Japan,1
Human remains (Archeology),1
Greek drama (Tragedy),1
Indians of North America -- Museums,1
Greek letter societies,1
Indians of North America -- Public opinion,1
Homophobia in schools,1
Indians of North America -- Virginia -- History,1
Golf,1
Hijab (Islamic clothing) -- Law and legislation -- France,1
Joking,1
Hijacking of aircraft,1
Journalistic ethics,1
Human reproductive technology,1
Judaism and humanism,1
Gentrification,1
Human body in literature,1
Human rights / Ireland,1
Judicial corruption,1
Housing development,1
Hope in art,1
Hazardous waste management industry,1
Junior high school students,1
Human rights in mass media,1
Golliwogs,1
Housewives,1
"Gothic fiction (Literary genre), American",1
Indo-Iranians,1
Illustrators,1
Indonesia,1
Hospitals,1
Industrial design,1
Internationalism in literature,1
Industrial efficiency,1
Internet and youth,1
Government attorneys,1
Gender nonconformity,1
Industrial management-Environmental aspects,1
Husband and wife,1
Heads of state,1
Interorganizational relations,1
Hip-hop in art,1
Human biology,1
Industrial revolution,1
"HISTORY / United States / State & Local / South (AL, AR, FL, GA, KY, LA, MS, NC, SC, TN, VA, WV)",1
HIspanic America,1
Hypertension,1
Hispanic American baseball players,1
Hairstyles,1
Hispanic American Catholics,1
HIV-positive persons,1
Infanticide,1
Hypocrisy,1
Inferiority complex,1
Interviewing in sociolinguistics,1
Inflation (Finance),1
Hmong American teenagers,1
Influenza,1
Intimate partner violence,1
Informal sector (Economics),1
Introduced organisms,1
Information policy,1
Holocaust denial,1
Information resources management,1
Involuntary sterilization,1
Grain trade,1
"Iran-Contra Affair, 1985-1990",1
Information society,1
"Iraq War, 2003-2011",1
Grandmothers,1
Genius,1
Hispanic American criminals,1
Irish literature,1
Informers,1
Home missions,1
Infrastructure (Economics),1
God (Christianity),1
Harassment,1
Ice cream parlors,1
Inheritance of acquired characters,1
Ideals (Philosophy),1
Initiation rites,1
Ideals (Philosophy) in literature,1
Hispanic American lawyers,1
Islamic philosophy,1
Insanity (Law),1
Identification (Religion),1
Installations (Art),1
Islands,1
http://publiceblibcom/choice/PublicFullRecordaspx?p=6507628,1
Homeless persons -- Civil rights -- United States,1
Government ownership,1
Italians,1
Hispanic American legislators,1
Ivoirian drama (French),1
Intellectual freedom,1
Jails,1
Intellectual life,1
Housewives in literature,1
Human smuggling,1
Identity (Philosophical concept) in literature,1
Great Britain - Relations - United States,1
Identity (Psychology) in children,1
Hispanic American lesbians,1
Japanese Americans in motion pictures,1
Hispanic American students,1
Identity (Psychology) in youth,1
Intelligent transportation systems,1
Jealousy,1
Great Britain -- Relations -- United States,1
Heavy metal (Music),1
Germany,1
Jewish nationalism,1
Hubbert peak theory,1
Jewish women,1
Interdisciplinary approach to knowledge,1
Idolatry,1
Interfaith marriage,1
"Johnson, Jack, 1878-1946",1
Human-computer interaction,1
"Jones, Alice Beatrice",1
Health education,1
Golfers,1
Hispanic American women,1
Han (Psychology),1
Humanism in literature,1
Homosexuality and literature,1
Health insurance,1
Gender identity in art,1
Group work in education,1
ha-Or (the Hebrew word),1
Gifted children,1
Judgment of God,1
Hispanic Americans and mass media,1
"Judgments, Criminal",1
International criminal courts,1
Judicial discretion,1
Hispanic Americans in mass media,1
Judicial ethics,1
Humanitarian assistance,1
Hopi Indians,1
Historic preservation,1
"Hopkins, Pauline E",1
Health literacy,1
"Hopkins, Pauline E (Pauline Elizabeth)",1
Humanitarianism in literature,1
"Horror tales, English",1
Humanity,1
Governors,1
International labor activities,1
Justice (Virtue),1
Gullahs,1
Justice in mass media,1
Historical materialism,1
"Justice, Administration of (Adat law)",1
Human-plant relationships,1
Human chromosome abnormalities,1
International relations and culture,1
Imitation,1
International relations in literature,1
Immigrant children,1
Hashtags (Metadata),1
Geographical perception,1
Filipino diaspora,1
Doping in sports,1
"Dewey, John",1
Ethnology-Europe,1
Gay political refugees,1
Ethnology-Middle East ,1
Flight attendents,1
Detroit (Mich) -- Social conditions -- 20th century,1
France -- Emigration and immigration,1
"Detective and mystery stories, French",1
Funeral orations,1
Dressmaking,1
Defectors,1
Electronic information resources,1
Econophysics,1
Eugenics in textbooks,1
Ethics in literature,1
Drifters,1
Diagnostic errors,1
Dictators,1
Educational anthropology,1
Droughts,1
Educational games,1
English drama (Tragedy),1
Discourse analysis -- Social aspects -- United States,1
European Economic Community literature,1
Epidemics,1
European federation,1
Fertility in literature,1
Emergency medicine,1
Economists,1
Europe-Politics and government,1
First contact (Anthropology),1
Electronic records,1
Elementary school environment,1
Drug addicts,1
"Employees' magazines, newsletters, etc",1
Emigration and immigration -- Political aspects -- History -- 20th century,1
"Foreign workers, Peruvian",1
Drug legalization,1
Forgiveness,1
English newspapers,1
Francoism in literature,1
English philology,1
Free trade - Social aspects - Latin America,1
"Evidence, Expert",1
Elementary schools,1
"Didactic literature, American",1
"Detective and mystery stories, American",1
Ewe (African people),1
Game theory,1
Emigration and immigration in art,1
Gay high school students,1
Examinations,1
Egyptian law,1
Excavations (Archaeology),1
Feminist theology,1
Exclusionary rule (Evidence),1
Femmes fatales,1
Drugs,1
Equality -- United States,1
"English wit and humor, Pictorial",1
Film & Media Studies,1
Executives,1
Finance -- History,1
"Executives, Black",1
Ecumenical movement,1
Discrimination in restaurants,1
Escapes,1
Entertainers,1
Ethical problems,1
Enthnology,1
Food security,1
Electronic Road Pricing System,1
Football,1
Detectives,1
Education in art,1
Eminent domain,1
Education law and legislation,1
"Exodus, The",1
Forensic genetics,1
Exoticism in art,1
Forests in literature,1
Expectation (Psychology),1
Fossil fuels,1
Experiential research,1
France - Race relations,1
Experimental films,1
Discipline - Philosophy,1
"Experimental poetry, American",1
Free schools,1
Drugs of abuse,1
Dialogues,1
Duality (Logic),1
Endowments,1
Externalities (Economics),1
Educational films,1
Extinction (Biology),1
Frontier and pioneer life in literature,1
Extortion,1
Fund raising,1
Extremists,1
Discourse analysis - Social aspects - United States,1
Factories,1
Ethnographic films,1
Dummies (Bookselling),1
Educational surveys,1
Fair trade associations,1
Drang nach Osten,1
Fair trial,1
Effective teaching,1
Discrimination in school discipline,1
Ethnology-Africa,1
Dysfunctional families,1
Decolonization in art,1
Faith (Islam),1
Equal rights amendments,1
Dystopias,1
Economic sociology,1
Gbe languages,1
Fertility clinics,1
Defensiveness (Psychology),1
Equality - United States,1
Democratization - Latin America,1
Disability studies,1
East Asians,1
Divorce,1
East Asians -- Race identity,1
Film adaptations,1
Electrocution,1
Equality in literature,1
Denial (Psychology),1
Devil,1
Empiricism,1
Financial institutions,1
Family psychotherapy,1
Erotica,1
Family reunification,1
Editors,1
Disguise in literature,1
Flight,1
Eastern question (Far East),1
Food,1
Ecocriticism,1
Ethicists,1
Disposable income,1
Food relief,1
Dispute resolution,1
Deregulation,1
Fans (Persons),1
Foot washing (Rite),1
"Environmental law, International",1
Football coaches,1
Environmental management,1
Democracy in literature,1
Environmental permits,1
"Ethics, Evolutionary",1
Developmentally disabled,1
Education in mass media,1
Fascism and culture,1
Encouragement,1
Demography,1
Forensic anthropology,1
Fascism and sex,1
Forensic psychology,1
Fascism and the Catholic Church,1
Domestic relations courts,1
Environmental protection in literature,1
Forfeiture,1
Dissenters in literature,1
Fossil fuel power plants,1
Environmental racism,1
Endocrinology,1
Econometrics,1
France - Emigration and immigration - Africa,1
Economic,1
France -- Race relations,1
Fathers and sons in literature,1
Dialectical materialism,1
Fear,1
Free Black people,1
Fear in literature,1
Free press and fair trial,1
Economic anthropology,1
Discipline -- Philosophy,1
Federal aid,1
Discipling (Christianity),1
Federal aid to terrorism prevention,1
Endowment of research,1
Environmental responsibility,1
Educational evaluation,1
Federal government,1
"Freedom Rides, 1961",1
Female circumcision,1
Detroit (Mich) -- Economic conditions -- 20th century,1
Female friendship,1
Energy for the future,1
Female impersonators,1
Ethnocentricism,1
Environmental sciences,1
Frontier thesis,1
Distribution (Economic theory),1
"Dramatists, American",1
Deprivation (Psychology),1
Fundamentalism,1
Femininity in art,1
"Future, The",1
Economic development projects,1
Gambians,1
Environmental sustainability,1
"Gang of Four Trial, Beijing, China, 1980-1981",1
Deviant behavior in literature,1
Detroit (Mich) -- Race relations,1
Feminism and racism,1
"Discourse analysis, Literary",1
Environmentalism in art,1
"Discourse analysis, Narrative",1
Environmentalism in literature,1
Ethnological museums and collections -- United States,1
Feminist anthropology,1
Energy security,1
Feminist criminology,1
Gay prisoners,1
Feminist criticism,1
Gay youth,1
Environmentalists,1
Egyptians,1
Feminist ethics,1
Ephemeral art,1
Early childhood education,1
"Detective and mystery stories, English",1
Denazification,1
Creative ability,1
College students' writings,1
"Christianity and culture -- Southwest, New",1
Church management,1
Catholic Church,1
"Comic, The, in literature",1
Broadcasting,1
Commerce,1
Cross-cultural psychology,1
Children with social disabilities,1
Church and social problem,1
Cherokee baskets,1
Canadian fiction,1
Commercialism,1
Candomble? (Religion),1
Church work with children,1
"Criminal justice, Administration",1
Commitment (Psychology) in literature,1
Caribbean literature,1
Church work with Hispanic Americans,1
College life films,1
Church work with immigrants,1
Culture-Study and teaching,1
Commons,1
"Dance, Black",1
Commonsense reasoning,1
Catholic preaching,1
Church work with Korean Americans,1
Canadian literature,1
Bonfires,1
British in motion pictures,1
Bus lines,1
Clinical trials,1
Church work with refugees,1
"Bombing, Aerial",1
Catholic women,1
Capitalism -- History,1
Communication in families,1
Crisis management,1
Communication in learning and scholarship,1
Critical thinking,1
Children's poetry,1
College attendance,1
"Children's poetry, American",1
Cultural relativism,1
Communication in social action,1
Children in motion pictures,1
Circus,1
"Charlie Hebdo Attack, Paris, France, 2015",1
Communion of saints,1
Dalit women,1
"Children's poetry, Salvadoran",1
Data mining in law enforcement,1
Bookkeeping,1
"Debts, External",1
Communism and social sciences,1
Courage,1
Brazil -- Race relations,1
Courts of last resort,1
Citizenship - United States - History - 20th century,1
Creation,1
Business and education,1
Climate change mitigation,1
Citizenship -- United States -- History -- 20th century,1
"Canadians, English-speaking",1
Chief executive officers,1
Cannibalism,1
Community centers,1
Body language,1
Citizenship-Sociological aspects,1
Criminal defense lawyers,1
Brazilian fiction,1
Coffee plantations,1
Community leadership,1
Blind women,1
Business cycles,1
Cognitive psychology,1
"Children's stories, South African (English)",1
"Collage, American",1
Blasphemy (Islam),1
Christianity and law,1
City missions,1
Collective memory in art,1
City planners,1
Crminal law,1
Community service (Punishment),1
Cubans,1
Blasphemy,1
Boycotts,1
City planning and redevelopment law,1
Cartels,1
Civics,1
"Central Park Jogger Rape Trial, New York, NY, 1990",1
"Civics, Canadian",1
"College students' writings, American",1
Blindness,1
"Christians, Black",1
Businesspeople,1
Curriculum change,1
Comparative law,1
Customer relations,1
Border patrols,1
Cycling,1
Civil procedure,1
Boys in literature,1
Compensatory education,1
Dangerously mentally ill,1
Chaotic behavior in systems,1
Deaf children,1
Chinese exclusion laws,1
Cherokee art,1
"Competition, Unfair",1
Children of the rich,1
Civil rights in art,1
Boundaries in art,1
Composition (Music),1
Courtesy,1
Compromise (Ethics),1
Courts / Ireland,1
Computational linguistics,1
Courts of special jurisdiction,1
Computer bulletin boards,1
"COVID-19 Pandemic, 2020-",1
Choreographers,1
"Creation (Literary, artistic, etc)",1
Computer poetry,1
Creative thinking,1
Civil rights lawyers,1
Cree gay men,1
Computers,1
Canadian poetry,1
Bread,1
Crime analysis,1
Conceptual art,1
Climatology,1
Concerts,1
Censorship in literature,1
Civil rights movements -- History -- 20th century,1
Clinics,1
Civil rights movements -- Tennessee -- Memphis -- History -- 20th century,1
Coal miners,1
Conflict of generations,1
"Coal Strike, Great Britain, 1984-1985",1
Civil rights movements in literature,1
Christian Zionism,1
Bread industry,1
Children and peace,1
Conformity,1
Christianity and art,1
Boardinghouses,1
Blind children,1
Congregational churches,1
Charity laws and legislation,1
Conquerors,1
Criminal liability of juristic persons (International law),1
Civil service reform,1
Capoeira (Dance),1
Cabo Verdean Americans,1
Boxing -- United States -- History,1
Conservation of natural resources in literature,1
Crises,1
Bridges,1
Buddhism and politics,1
Christian college students,1
Caribbean Area,1
Child labor,1
Critical psychology,1
Cameroonian literature,1
Collective memory in literature,1
Constructivism (Philosophy),1
Criticism,1
Consumers,1
College administrators,1
Cameroonian literature (English),1
Caricatures and cartoons,1
Consumption (Economics) in literature,1
Cultural appropriation,1
Contested elections,1
Cultural fusion,1
"Civilization, Anglo-Saxon",1
"Christianity and other religions -- Southwest, New",1
Continuity,1
Cultural policy,1
Contracting out,1
College presidents,1
"Civilization, Classical",1
College sorority members,1
"Chapbooks, Brazilian",1
Budget deficits,1
Block grants,1
Culture and tourism,1
Cooperativeness,1
Culture conflict in literature,1
Brigands and robbers,1
Culture in literature,1
Claims,1
Children of drug abusers,1
Class,1
Bullying,1
Borderlands,1
Bombings,1
Corporate image,1
Caste-based discrimination,1
Class reunions,1
Cyberbullying,1
Corporate state,1
Cyberterrorism,1
Cameroonian literature (French),1
Dakota Indians,1
"Campaign literature, 1868",1
Burn out (Psychology),1
Classification,1
"Dance in motion pictures, television, etc",1
"Christian fiction, American",1
Dancers,1
Classroom environment,1
Charter schools,1
Christian leadership,1
Comanche Indians,1
Campus violence,1
Deafblind women,1
Cost effectiveness,1
Death in popular culture,1
Costume,1
Debates and debating,1
Cotton farmers,1
"Debts, Public",1
Clergy couples,1
Counseling in vocational education,1
Communicable diseases,1
Coasts,1
"Blacks -- West Indies, British -- Migrations -- History -- 20th century",1
Cocktail parties,1
Atabaque,1
Behavior modification,1
African American newspaper editors,1
African American school superintendents,1
Black market,1
Alternative lifestyles,1
African Americans in criminal justice administration,1
Access to knowledge movement,1
African fiction (French),1
Altruism,1
African American economists,1
African American screenwriters,1
Alienation (Philosophy),1
African American seminarians,1
Attention,1
American essays,1
"Authors, American -- 20th century -- Biography",1
Abused children,1
African American nurses,1
Accounting,1
African-American studies,1
"Abnormalities, Human",1
African American poets,1
African American soldiers - History - 20th century,1
African American entertainers,1
African American soldiers -- History -- 20th century,1
Airlines,1
Americanization,1
Blacks -- Race identity -- Brazil,1
African American sportswriters,1
Atomic bomb,1
Amhara (African people),1
Auschwitz (Concentration camp),1
Amnesty,1
African American Muslims,1
Amputees,1
Africa - Emigration and immigration - France,1
Aboriginal Australians in popular culture,1
Autonomy in children,1
African American teachers,1
African American painting,1
African American basketball players,1
African American periodicals,1
Anglican Communion,1
Bawdy poetry,1
Anglo-Israelism,1
African American aesthetics,1
African American teenage girls,1
Biculturalism,1
Animal rights movement,1
Biology,1
Animal welfare,1
Black dolls,1
Advertising cards,1
Agrobiodiversity conservation,1
"Aboriginal Australians, Treatment of",1
Black people in television broadcasting,1
African American transgender people,1
Almshouses,1
"Anthropologists' writings, American",1
African Americans -- Relations with Indians,1
African American transsexuals,1
African Americans -- Social conditions -- 20th century,1
Anthropometry,1
Atrocities,1
Anthroposophy,1
African American motion picture actors and actresses,1
Anti-apartheid activists,1
African American motion picture producers and directors,1
Aerodynamics,1
Authority in literature,1
Abortion,1
"Authors, American -- 19th century -- Biography",1
Anti-fascist movements,1
"Authors, Congolese (Brazzaville)",1
African American journalists -- Biography,1
"Authors, Nigerian",1
African American women - Employment - New York (State) - New York,1
African Americans in the motion picture industry x History,1
Anti-imperialist movements -- History -- 20th century,1
Actors,1
African American women -- Employment -- New York (State) -- New York,1
Ballroom dancing,1
African American women - Intellectual life,1
Bards and bardism in literature,1
Anti-racism -- England --Oxford -- History -- 20th century,1
Baseball teams,1
African American women -- Intellectual life,1
African poetry,1
Antisemitism and Christianity,1
Baskets,1
Antisemitism in higher education,1
Adaptability (Psychology),1
African American women - New York (State) - New York - Social conditions - History,1
Behavioral sciences,1
Antislavery movements in literature,1
Benevolence,1
African American women -- New York (State) -- New York -- Social conditions -- History,1
Bias-free language,1
Apartheid in art,1
Bicycle lanes,1
Apartheid in literature,1
Biography,1
Apartheid in motion pictures,1
Bioregionalism,1
"Aesthetics, Brazilian",1
Bishops,1
African American women authors -- Biography,1
African American psychiatrists,1
Appalachians (People) in motion pictures,1
African American environmentalists,1
African American celebrities,1
Black people in advertising,1
African American women college administrators,1
Adopted children,1
"Aesthetics, Modern",1
Algebra,1
Applied sociology,1
Black theater,1
Arab American women,1
Blacks -- Great Britain -- Politics and government -- 20th century,1
Arab American youth,1
African American mothers in literature,1
African American law students,1
African Americans -- Segregation -- Tennessee -- Memphis -- History -- 20th century,1
African American women executives,1
African Americans - Social conditions - 20th century,1
Arabic fiction,1
African Americans -- Tennessee -- Memphis -- History -- 20th century,1
Arabic language,1
African Americans -- Virginia -- History,1
African American lawyers,1
Atrocities in literature,1
Affect (Psychology) in literature,1
Attitude change,1
African American legislators,1
African Americans in advertising,1
African American children in literature,1
Australian literature,1
African American women in the professions,1
Austrian school of economics,1
Archaeology and state,1
African American comedians,1
Architects,1
"Authors, African",1
Architecture and race,1
"Authors, American - 19th century",1
African American women journalists,1
"Authors, American - 20th century",1
Archivists,1
African Americans in medicine,1
Armed Forces,1
"Authors, Congolese (Democratic Republic)",1
Armenian Genocide survivors,1
"Authors, Martinican",1
African American medical students,1
Authorship,1
Affective education,1
African American composers,1
African American women poets,1
Autonomy (Psychology),1
African American women political activists,1
Autopsy,1
African American men in art,1
Awareness,1
Art and dance,1
Bahai ethics,1
African American women teachers,1
African Americans with disabilities,1
Actions and defenses (Roman law),1
"Actresses, Black",1
Active learning,1
African American Pentecostal churches,1
"Art, American",1
African languages,1
"Art, Black",1
African literature,1
"Art, Brazilian",1
Basic training (Military education),1
"Art, Caribbean",1
Basketball coaches,1
"Art, Cuban",1
Basketball teams,1
"Art, French",1
Basketwork,1
"Art, Guatemalan",1
Africanists,1
"Art, Haitian",1
Begging,1
African American youth in literature,1
Africans - Cultural assimilation - France,1
Affirmative actions programs,1
Africans -- Cultural assimilation -- France,1
Articulation (Education),1
Belonging (Social psychology) in art,1
African Americans -- Biography,1
Benevolence in literature,1
African Americans - Civil rights,1
Afrikaner students,1
African Americans -- Civil rights,1
Bible and evolution,1
"Artists, Black",1
Abron (African people),1
African Americans - Civil rights - History - 20th century,1
Big business,1
African American Mormons,1
African American political scientists,1
"Arts, Canadian",1
Biological psychology,1
"Arts, European",1
African American editors,1
African Americans -- Civil rights -- Tennessee -- Memphis -- History -- 20th century,1
Abuse of rights,1
"Arts, Modern",1
Birds,1
African Americans - History - 1877-1964,1
African American professional employees,1
Asian American gay men,1
Blacks -- Social conditions -- 20th century,1
Asian American high school students,1
Agricultural assistance,1
Asian American students,1
African American public prosecutors,1
Asian American theater,1
Agriculture and state,1
African Americans -- History -- 1877-1964,1
African American railroad employees,1
Africa -- Emigration and immigration,1
African American religious leaders,1
African Americans -- Michigan -- Detroit -- Economic conditions -- 20th century,1
African American evangelists,1
African Americans -- Michigan --Detroit -- Social conditions -- 20th century,1
Alcoholism,1
African Americans - Politics and government - 20th century,1
Black people in textbooks,1
African Americans -- Politics and government -- 20th century,1
African American school administrators,1
African Americans -- Psychology,1
Academy Awards (Motion pictures),1
African Americans - Race identity,1
Allegiance,1
Asians in the performing arts,1
Blacks - Great Britain - Politics and government - 20th century,1
Asia-Politics and government,1
Blacks -- Politics and government -- 20th century,1
Assassination,1
Altars,1
Assassins,1
Aggressiveness,1
Grand Total,36342
